PassengerId,Pclass,Age,SibSp,Parch,Fare,Sex_female,Sex_male,Embarked_C,Embarked_Q,Embarked_S,Target
-1.0,0.0,-0.38235294117647056,1.0,0.0,-0.3120106021758714,0,1,0,0,1,0
-0.9977528089887641,-2.0,0.5588235294117647,1.0,0.0,2.4612422909015312,1,0,1,0,0,1
-0.9955056179775281,0.0,-0.14705882352941177,0.0,0.0,-0.2827766613540295,1,0,0,0,1,1
-0.9932584269662922,-2.0,0.38235294117647056,1.0,0.0,1.6737318966114614,1,0,0,0,1,1
-0.9910112359550561,0.0,0.38235294117647056,0.0,0.0,-0.277362968609244,0,1,0,0,1,0
-0.9887640449438202,0.0,0.11764705882352941,0.0,0.0,-0.25967968262767654,0,1,0,1,0,0
-0.9865168539325843,-2.0,1.5,0.0,0.0,1.6201363384380845,0,1,0,0,1,0
-0.9842696629213483,0.0,-1.5588235294117647,3.0,1.0,0.2867438153974083,0,1,0,0,1,0
-0.9820224719101124,0.0,-0.08823529411764706,0.0,2.0,-0.14382665788926616,1,0,0,0,1,1
-0.9797752808988764,-1.0,-0.8529411764705882,1.0,0.0,0.6763477929457417,1,0,1,0,0,1
-0.9775280898876404,0.0,-1.4411764705882353,1.0,1.0,0.09726456932991473,1,0,0,0,1,1
-0.9752808988764045,-2.0,1.7352941176470589,0.0,0.0,0.5238635576190146,1,0,0,0,1,1
-0.9730337078651685,0.0,-0.5,0.0,0.0,-0.277362968609244,0,1,0,0,1,0
-0.9707865168539326,0.0,0.6176470588235294,1.0,5.0,0.7285011433719076,0,1,0,0,1,0
-0.9685393258426966,0.0,-0.8529411764705882,0.0,0.0,-0.2858429769246761,1,0,0,0,1,0
-0.9662921348314607,-1.0,1.5588235294117647,0.0,0.0,0.06694788995911578,1,0,0,0,1,1
-0.9640449438202248,0.0,-1.5588235294117647,4.0,1.0,0.6353856281615965,0,1,0,1,0,0
-0.9617977528089887,-1.0,0.9411764705882353,0.0,0.0,-0.06298073591573695,0,1,0,0,1,1
-0.9595505617977528,0.0,0.14705882352941177,1.0,0.0,0.15356697387568427,1,0,0,0,1,0
-0.9573033707865168,0.0,-0.8235294117647058,0.0,0.0,-0.31309334072482853,1,0,1,0,0,1
-0.9550561797752809,-1.0,0.38235294117647056,0.0,0.0,0.5000433095419583,0,1,0,0,1,0
-0.952808988764045,-1.0,0.3235294117647059,0.0,0.0,-0.06298073591573695,0,1,0,0,1,1
-0.950561797752809,0.0,-0.7941176470588235,0.0,0.0,-0.27826380708197634,1,0,0,1,0,1
-0.9483146067415731,-2.0,-0.029411764705882353,0.0,0.0,0.9114839581456586,0,1,0,0,1,1
-0.946067415730337,0.0,-1.2058823529411764,3.0,1.0,0.2867438153974083,1,0,0,0,1,0
-0.9438202247191011,0.0,0.5588235294117647,1.0,5.0,0.7333734668422146,1,0,0,0,1,1
-0.9415730337078652,0.0,-0.23529411764705882,0.0,0.0,-0.31309334072482853,0,1,1,0,0,0
-0.9393258426966292,-2.0,-0.5588235294117647,3.0,2.0,10.764404753655324,0,1,0,0,1,0
-0.9370786516853933,0.0,0.7058823529411765,0.0,0.0,-0.28476023837571895,1,0,0,1,0,1
-0.9348314606741573,0.0,0.7058823529411765,0.0,0.0,-0.2840412999792114,0,1,0,0,1,0
-0.9325842696629213,-2.0,0.6764705882352942,0.0,0.0,0.5745703693437738,0,1,1,0,0,0
-0.9303370786516854,-2.0,0.47058823529411764,1.0,0.0,5.719743953987942,1,0,1,0,0,1
-0.9280898876404494,0.0,0.8823529411764706,0.0,0.0,-0.29035583119672925,1,0,0,1,0,1
-0.9258426966292135,-1.0,2.2058823529411766,0.0,0.0,-0.1712545908114476,0,1,0,0,1,0
-0.9235955056179775,-2.0,-0.029411764705882353,1.0,0.0,2.9327749289723513,0,1,1,0,0,0
-0.9213483146067416,-2.0,0.7941176470588235,1.0,0.0,1.6260914004573488,0,1,0,0,1,0
-0.9191011235955057,0.0,0.8823529411764706,0.0,0.0,-0.3129114406486037,0,1,1,0,0,1
-0.9168539325842696,0.0,-0.4411764705882353,0.0,0.0,-0.277362968609244,0,1,0,0,1,0
-0.9146067415730337,0.0,-0.6176470588235294,2.0,0.0,0.15356697387568427,1,0,0,0,1,0
-0.9123595505617977,0.0,-0.8529411764705882,1.0,0.0,-0.13913190354098817,1,0,1,0,0,1
-0.9101123595505618,0.0,0.6764705882352942,1.0,0.0,-0.21564687131868895,1,0,0,0,1,0
-0.9078651685393259,-1.0,-0.08823529411764706,1.0,0.0,0.283495599750537,1,0,0,0,1,0
-0.9056179775280899,0.0,0.058823529411764705,0.0,0.0,-0.2840412999792114,0,1,1,0,0,0
-0.903370786516854,-1.0,-1.5,1.0,2.0,1.1747713256184602,1,0,1,0,0,1
-0.9011235955056179,0.0,-0.5588235294117647,0.0,0.0,-0.28476023837571895,1,0,0,1,0,1
-0.898876404494382,0.0,0.058823529411764705,0.0,0.0,-0.277362968609244,0,1,0,0,1,0
-0.8966292134831461,0.0,-0.35294117647058826,1.0,0.0,0.04529311897997366,0,1,0,1,0,0
-0.8943820224719101,0.0,-0.5,0.0,0.0,-0.29035583119672925,1,0,0,1,0,1
-0.8921348314606742,0.0,-0.29411764705882354,2.0,0.0,0.31291144064860377,0,1,1,0,0,0
-0.8898876404494382,0.0,-0.6176470588235294,1.0,0.0,0.14490506548402746,1,0,0,0,1,0
-0.8876404494382022,0.0,-1.2647058823529411,4.0,1.0,1.092842665095974,0,1,0,0,1,0
-0.8853932584269663,0.0,-0.4411764705882353,0.0,0.0,-0.28819035409881505,0,1,0,0,1,0
-0.8831460674157303,-2.0,1.2058823529411764,1.0,0.0,2.6971017254521517,1,0,1,0,0,1
-0.8808988764044944,-1.0,0.029411764705882353,1.0,0.0,0.5000433095419583,1,0,0,0,1,1
-0.8786516853932584,-2.0,2.1470588235294117,0.0,1.0,2.058285981567459,0,1,1,0,0,0
-0.8764044943820225,-2.0,-1.3235294117647058,0.0,0.0,0.9114839581456586,0,1,0,0,1,1
-0.8741573033707866,-1.0,-0.4411764705882353,0.0,0.0,-0.1712545908114476,1,0,0,0,1,1
-0.8719101123595505,0.0,0.0,0.0,0.0,-0.3129114406486037,0,1,1,0,0,0
-0.8696629213483146,-1.0,-1.3823529411764706,1.0,2.0,0.5758350079689557,1,0,0,0,1,1
-0.8674157303370786,0.0,-1.0294117647058822,5.0,2.0,1.405212736470099,0,1,0,0,1,0
-0.8651685393258427,0.0,-0.38235294117647056,0.0,0.0,-0.3129114406486037,0,1,1,0,0,0
-0.8629213483146068,-2.0,0.5588235294117647,0.0,0.0,2.8387585752893076,1,0,0,0,1,1
-0.8606741573033708,-2.0,0.9705882352941176,1.0,0.0,2.9892592335943453,0,1,0,0,1,0
-0.8584269662921349,0.0,-1.4411764705882353,3.0,2.0,0.5823314392626983,0,1,0,0,1,0
-0.8561797752808988,-2.0,-1.411764705882353,0.0,0.0,0.5745703693437738,0,1,1,0,0,0
-0.8539325842696629,0.0,0.11764705882352941,1.0,1.0,0.03428383341417777,0,1,1,0,0,1
-0.851685393258427,-1.0,0.029411764705882353,0.0,0.0,-0.1712545908114476,1,0,0,0,1,1
-0.849438202247191,0.0,-0.5588235294117647,0.0,0.0,-0.27267254521516177,0,1,0,0,1,0
-0.8471910112359551,0.0,-0.6764705882352942,4.0,2.0,-0.2827766613540295,1,0,0,0,1,1
-0.8449438202247191,0.0,-0.14705882352941177,2.0,0.0,-0.2508358741597949,0,1,0,0,1,0
-0.8426966292134831,-1.0,0.20588235294117646,0.0,0.0,-0.1712545908114476,0,1,0,0,1,0
-0.8404494382022472,0.0,-0.7352941176470589,5.0,2.0,1.405212736470099,1,0,0,0,1,0
-0.8382022471910112,-1.0,-0.4411764705882353,0.0,0.0,2.55724655256046,0,1,0,0,1,0
-0.8359550561797753,0.0,-0.14705882352941177,1.0,0.0,0.0,0,1,1,0,0,0
-0.8337078651685393,0.0,0.20588235294117646,0.0,0.0,1.8208024391934032,0,1,0,0,1,1
-0.8314606741573034,0.0,-0.20588235294117646,0.0,0.0,-0.29468678539255766,0,1,0,0,1,0
-0.8292134831460675,0.0,-0.29411764705882354,0.0,0.0,-0.2840412999792114,0,1,0,0,1,0
-0.8269662921348314,0.0,-0.29411764705882354,0.0,0.0,-0.277362968609244,0,1,0,0,1,0
-0.8247191011235955,-1.0,-1.6276470588235294,0.0,2.0,0.629971935416811,0,1,0,0,1,1
-0.8224719101123595,0.0,0.08823529411764706,0.0,0.0,-0.0857182454438362,1,0,0,0,1,1
-0.8202247191011236,0.0,-0.38235294117647056,0.0,0.0,-0.23621890374887394,0,1,0,0,1,0
-0.8179775280898877,0.0,0.029411764705882353,0.0,0.0,-0.21456413276973182,0,1,0,0,1,1
-0.8157303370786517,0.0,-0.17647058823529413,0.0,0.0,-0.2887317233732936,1,0,0,1,0,1
-0.8134831460674158,-2.0,-0.029411764705882353,0.0,0.0,1.4138746448617558,0,1,0,0,1,0
-0.8112359550561797,-1.0,-0.6764705882352942,0.0,0.0,-0.1712545908114476,1,0,0,0,1,1
-0.8089887640449438,0.0,0.2647058823529412,3.0,0.0,0.06045145866537313,1,0,0,0,1,1
-0.8067415730337079,0.0,-0.7352941176470589,1.0,3.0,0.8627607234425888,0,1,0,0,1,0
-0.8044943820224719,0.0,-0.11764705882352941,0.0,0.0,-0.277362968609244,0,1,0,0,1,0
-0.802247191011236,-2.0,-0.3235294117647059,3.0,2.0,10.764404753655324,1,0,0,0,1,1
-0.8,0.0,-0.2647058823529412,0.0,0.0,-0.277362968609244,0,1,0,0,1,0
-0.797752808988764,0.0,0.029411764705882353,0.0,0.0,-0.277362968609244,0,1,0,0,1,0
-0.7955056179775281,0.0,-0.5,0.0,0.0,-0.2858429769246761,0,1,0,0,1,0
-0.7932584269662921,-2.0,1.0294117647058822,1.0,0.0,2.0234564479246067,0,1,0,0,1,0
-0.7910112359550562,0.0,-0.14705882352941177,1.0,2.0,0.2650890444182662,0,1,0,0,1,0
-0.7887640449438202,0.0,1.7941176470588236,0.0,0.0,-0.3120106021758714,0,1,0,0,1,0
-0.7865168539325843,0.0,0.6470588235294118,0.0,0.0,-0.277362968609244,0,1,0,0,1,0
-0.7842696629213484,-2.0,2.5,0.0,0.0,0.8748527475573419,0,1,1,0,0,0
-0.7820224719101123,-2.0,-0.3235294117647059,0.0,1.0,2.1180141708821285,0,1,1,0,0,1
-0.7797752808988764,-1.0,0.3235294117647059,0.0,1.0,0.37011468366710554,1,0,0,0,1,1
-0.7775280898876404,-1.0,0.3235294117647059,1.0,0.0,0.5000433095419583,0,1,0,0,1,0
-0.7752808988764045,0.0,-0.029411764705882353,0.0,0.0,-0.2840412999792114,1,0,0,0,1,0
-0.7730337078651686,0.0,0.11764705882352941,0.0,0.0,-0.2840412999792114,0,1,0,0,1,0
-0.7707865168539326,-2.0,-0.4411764705882353,0.0,1.0,2.721281442727461,0,1,0,0,1,0
-0.7685393258426966,0.0,0.2647058823529412,0.0,0.0,-0.25119534335804866,0,1,0,0,1,0
-0.7662921348314606,0.0,0.5,2.0,0.0,-0.2827766613540295,0,1,0,0,1,0
-0.7640449438202247,0.0,-0.029411764705882353,0.0,0.0,-0.2840412999792114,0,1,0,0,1,0
-0.7617977528089888,0.0,-0.4411764705882353,0.0,0.0,-0.29468678539255766,1,0,0,0,1,1
-0.7595505617977528,0.0,0.058823529411764705,0.0,0.0,-0.2892730926477721,0,1,0,0,1,1
-0.7573033707865169,0.0,0.5588235294117647,0.0,0.0,-0.2840412999792114,0,1,0,0,1,0
-0.755056179775281,0.0,-0.39705882352941174,1.0,0.0,0.41992065691913233,1,0,0,1,0,1
-0.7528089887640449,-2.0,1.088235294117647,0.0,0.0,1.6260914004573488,0,1,0,0,1,0
-0.750561797752809,0.0,-0.8235294117647058,1.0,0.0,0.0,1,0,1,0,0,0
-0.748314606741573,0.0,-0.38235294117647056,0.0,0.0,-0.277362968609244,0,1,0,0,1,0
-0.7460674157303371,0.0,-0.5,1.0,0.0,-0.20048853163328947,1,0,0,0,1,0
-0.7438202247191011,0.0,-0.6764705882352942,0.0,0.0,0.00017756912202893625,1,0,1,0,0,0
-0.7415730337078652,0.0,-0.4411764705882353,0.0,0.0,-0.2827766613540295,0,1,0,0,1,0
-0.7393258426966293,0.0,2.4705882352941178,0.0,0.0,-0.29035583119672925,0,1,0,1,0,0
-0.7370786516853932,-1.0,0.029411764705882353,1.0,0.0,0.283495599750537,0,1,0,0,1,0
-0.7348314606741573,-2.0,-0.2647058823529412,0.0,1.0,10.094007691774651,0,1,1,0,0,0
-0.7325842696629213,0.0,-1.5588235294117647,4.0,2.0,0.7285011433719076,1,0,0,0,1,0
-0.7303370786516854,-1.0,-0.4411764705882353,2.0,0.0,2.55724655256046,0,1,0,0,1,0
-0.7280898876404495,0.0,0.75,0.0,0.0,-0.277362968609244,0,1,0,0,1,0
-0.7258426966292135,-1.0,0.23529411764705882,1.0,0.0,0.6763477929457417,0,1,1,0,0,0
-0.7235955056179775,-1.0,0.23529411764705882,0.0,0.0,-0.06298073591573695,1,0,0,0,1,1
-0.7213483146067415,-2.0,1.5,0.0,1.0,2.721281442727461,0,1,0,0,1,0
-0.7191011235955056,0.0,-0.9705882352941176,1.0,0.0,-0.13913190354098817,0,1,1,0,0,1
-0.7168539325842697,0.0,0.35294117647058826,0.0,0.0,-0.29035583119672925,0,1,0,1,0,0
-0.7146067415730337,0.0,-0.2647058823529412,0.0,0.0,-0.31670102556995355,0,1,0,0,1,1
-0.7123595505617978,0.0,0.5588235294117647,1.0,1.0,0.34232295059247453,1,0,1,0,0,1
-0.7101123595505618,0.0,0.9705882352941176,0.0,0.0,-0.32392072621439955,0,1,0,0,1,0
-0.7078651685393258,0.0,0.2647058823529412,0.0,0.0,-0.2840412999792114,0,1,1,0,0,0
-0.7056179775280899,0.0,-0.5,0.0,0.0,-0.32067251056752827,0,1,0,0,1,0
-0.7033707865168539,0.0,1.088235294117647,1.0,0.0,0.001983577021689412,1,0,0,0,1,0
-0.701123595505618,-1.0,0.029411764705882353,1.0,0.0,0.5000433095419583,1,0,0,0,1,1
-0.698876404494382,-1.0,-0.20588235294117646,0.0,0.0,-0.06298073591573695,0,1,0,0,1,0
-0.6966292134831461,-1.0,-0.3235294117647059,0.0,0.0,0.025621925022520947,0,1,1,0,0,0
-0.6943820224719102,-2.0,-0.5588235294117647,0.0,2.0,0.5123129027787402,1,0,0,0,1,1
-0.6921348314606741,-2.0,0.5,1.0,0.0,1.6737318966114614,0,1,0,0,1,0
-0.6898876404494382,0.0,-0.7352941176470589,0.0,0.0,-0.22683372600651378,0,1,0,0,1,0
-0.6876404494382022,-2.0,-0.2647058823529412,0.0,0.0,2.8041109417226804,0,1,1,0,0,0
-0.6853932584269663,0.0,-0.29411764705882354,0.0,2.0,0.03428383341417777,1,0,1,0,0,0
-0.6831460674157304,0.0,-0.38235294117647056,0.0,0.0,-0.29035583119672925,1,0,0,0,1,1
-0.6808988764044944,0.0,-0.2647058823529412,1.0,0.0,0.06045145866537313,1,0,0,0,1,1
-0.6786516853932584,0.0,-0.5588235294117647,0.0,0.0,-0.3336653731550135,0,1,0,1,0,0
-0.6764044943820224,-1.0,-0.6176470588235294,0.0,0.0,-0.12794504885316332,0,1,0,0,1,0
-0.6741573033707865,-1.0,-0.5588235294117647,1.0,1.0,0.9656208855935139,0,1,0,0,1,0
-0.6719101123595506,0.0,-0.08823529411764706,0.0,0.0,-0.28837225417503987,0,1,0,0,1,1
-0.6696629213483146,0.0,-1.1470588235294117,2.0,2.0,0.8627607234425888,1,0,0,0,1,0
-0.6674157303370787,-1.0,0.47058823529411764,0.0,2.0,0.5000433095419583,0,1,0,0,1,0
-0.6651685393258427,-1.0,0.7941176470588235,0.0,0.0,-0.06298073591573695,0,1,0,0,1,0
-0.6629213483146067,-1.0,1.3235294117647058,0.0,0.0,-0.08355276834592196,0,1,0,0,1,0
-0.6606741573033708,-2.0,-0.38235294117647056,1.0,0.0,2.2584107130482987,1,0,0,0,1,1
-0.6584269662921348,0.0,1.588235294117647,0.0,0.0,-0.277362968609244,0,1,0,0,1,0
-0.6561797752808989,0.0,0.7058823529411765,0.0,2.0,0.001983577021689412,0,1,0,0,1,0
-0.6539325842696629,0.0,0.4264705882352941,0.0,0.0,-0.30930375580347863,0,1,0,0,1,0
-0.651685393258427,-2.0,1.3235294117647058,0.0,1.0,2.0323002563924883,0,1,1,0,0,0
-0.6494382022471911,0.0,-0.7352941176470589,0.0,0.0,-0.29107910054743263,1,0,0,1,0,1
-0.647191011235955,0.0,0.08823529411764706,0.0,0.0,-0.277362968609244,0,1,0,0,1,0
-0.6449438202247191,0.0,-0.3235294117647059,0.0,0.0,-0.2508358741597949,0,1,0,0,1,0
-0.6426966292134831,0.0,0.47058823529411764,8.0,2.0,2.3861738618252373,0,1,0,0,1,0
-0.6404494382022472,0.0,0.9117647058823529,0.0,1.0,0.07127884415494427,0,1,0,0,1,0
-0.6382022471910113,-1.0,0.6764705882352942,0.0,0.0,0.056120504469544724,1,0,0,0,1,1
-0.6359550561797753,0.0,-0.14705882352941177,0.0,0.0,-0.2892730926477721,0,1,0,0,1,0
-0.6337078651685393,0.0,-0.6764705882352942,0.0,0.0,-0.2508358741597949,0,1,0,0,1,0
-0.6314606741573033,0.0,-1.6176470588235294,4.0,1.0,1.092842665095974,0,1,0,0,1,0
-0.6292134831460674,0.0,-1.1470588235294117,0.0,2.0,0.26292356732035194,0,1,0,0,1,1
-0.6269662921348315,-2.0,0.6470588235294118,0.0,1.0,1.7560200263322014,1,0,0,0,1,1
-0.6247191011235955,0.0,0.9705882352941176,1.0,4.0,0.5823314392626983,1,0,0,0,1,0
-0.6224719101123596,-2.0,-0.23529411764705882,0.0,0.0,0.49679509389508697,0,1,0,0,1,0
-0.6202247191011236,0.0,-0.029411764705882353,0.0,0.0,1.8208024391934032,0,1,0,0,1,0
-0.6179775280898876,-2.0,1.911764705882353,0.0,0.0,0.8248648742290902,0,1,0,0,1,0
-0.6157303370786517,0.0,-1.4411764705882353,4.0,1.0,0.6353856281615965,0,1,0,1,0,0
-0.6134831460674157,0.0,-1.6176470588235294,1.0,1.0,-0.14382665788926616,1,0,0,0,1,1
-0.6112359550561798,0.0,-0.4411764705882353,0.0,0.0,-0.2827766613540295,0,1,0,0,1,0
-0.6089887640449438,-2.0,1.6176470588235294,0.0,0.0,0.7034162566696693,0,1,1,0,0,0
-0.6067415730337079,0.0,-0.6176470588235294,1.0,1.0,-0.2858429769246761,0,1,0,0,1,0
-0.604494382022472,0.0,-0.08823529411764706,3.0,1.0,0.4769463308156052,0,1,0,0,1,0
-0.6022471910112359,-2.0,1.2647058823529411,0.0,0.0,0.6175204421038042,1,0,1,0,0,0
-0.6,-1.0,0.08823529411764706,0.0,0.0,-0.06298073591573695,0,1,0,0,1,0
-0.597752808988764,0.0,0.4411764705882353,0.0,0.0,-0.6260047813734322,0,1,0,0,1,0
-0.5955056179775281,0.0,0.6470588235294118,8.0,2.0,2.3861738618252373,1,0,0,0,1,0
-0.5932584269662922,-1.0,0.38235294117647056,0.0,0.0,0.025803825098745778,0,1,1,0,0,0
-0.5910112359550562,0.0,-1.1470588235294117,4.0,2.0,0.7333734668422146,0,1,0,0,1,0
-0.5887640449438202,-1.0,-1.6176470588235294,2.0,1.0,1.0630673549996534,0,1,0,0,1,1
-0.5865168539325842,0.0,-1.4411764705882353,0.0,2.0,0.3278878802577783,1,0,0,0,1,1
-0.5842696629213483,-2.0,-0.8235294117647058,0.0,0.0,1.5394723165407802,0,1,0,0,1,0
-0.5820224719101124,0.0,0.4411764705882353,1.0,0.0,0.04529311897997366,1,0,0,1,0,1
-0.5797752808988764,-2.0,0.9705882352941176,0.0,0.0,0.5238635576190146,0,1,0,0,1,1
-0.5775280898876405,0.0,0.6764705882352942,1.0,1.0,0.04529311897997366,0,1,0,1,0,0
-0.5752808988764045,0.0,0.4411764705882353,0.0,0.0,-0.2840412999792114,0,1,0,0,1,0
-0.5730337078651685,-1.0,0.20588235294117646,0.0,0.0,-0.06298073591573695,1,0,0,0,1,1
-0.5707865168539326,-1.0,-0.5588235294117647,0.0,0.0,-0.06298073591573695,0,1,0,0,1,0
-0.5685393258426966,0.0,-0.5588235294117647,1.0,0.0,-0.2858429769246761,1,0,0,0,1,1
-0.5662921348314607,-1.0,-1.5,1.0,1.0,0.5000433095419583,0,1,0,0,1,1
-0.5640449438202247,-2.0,0.9117647058823529,0.0,0.0,0.5745703693437738,1,0,1,0,0,1
-0.5617977528089888,-2.0,1.7352941176470589,0.0,0.0,5.719743953987942,1,0,1,0,0,1
-0.5595505617977528,0.0,0.11764705882352941,0.0,0.0,-0.29035583119672925,0,1,0,1,0,0
-0.5573033707865168,0.0,0.7941176470588235,0.0,1.0,-0.26202272884761973,0,1,0,0,1,0
-0.5550561797752809,0.0,0.38235294117647056,0.0,0.0,-0.29035583119672925,1,0,0,1,0,1
-0.5528089887640449,-1.0,-0.2647058823529412,0.0,0.0,-0.06298073591573695,1,0,0,0,1,0
-0.550561797752809,0.0,-0.029411764705882353,0.0,0.0,-0.21456413276973182,0,1,0,0,1,0
-0.5483146067415731,0.0,0.38235294117647056,8.0,2.0,2.3861738618252373,0,1,0,0,1,0
-0.5460674157303371,0.0,0.3235294117647059,0.0,0.0,-0.3446746587208094,0,1,0,0,1,0
-0.5438202247191011,0.0,1.0,0.0,0.0,-0.31309334072482853,0,1,1,0,0,0
-0.5415730337078651,0.0,-0.6176470588235294,0.0,0.0,-0.277362968609244,0,1,0,0,1,1
-0.5393258426966292,0.0,-1.5588235294117647,0.0,1.0,-0.17287869863488323,1,0,0,0,1,0
-0.5370786516853933,0.0,0.20588235294117646,1.0,0.0,0.06045145866537313,0,1,0,0,1,0
-0.5348314606741573,0.0,-0.14705882352941177,0.0,0.0,0.18767323816783318,0,1,1,0,0,1
-0.5325842696629214,0.0,-0.7352941176470589,0.0,0.0,-0.29035583119672925,1,0,0,1,0,1
-0.5303370786516854,-2.0,0.6764705882352942,0.0,0.0,0.7165910193333795,0,1,1,0,0,1
-0.5280898876404494,0.0,-0.2647058823529412,0.0,0.0,-0.32067251056752827,0,1,0,0,1,0
-0.5258426966292135,-1.0,0.38235294117647056,0.0,0.0,0.283495599750537,1,0,0,0,1,1
-0.5235955056179775,0.0,-0.38235294117647056,0.0,0.0,-0.3120106021758714,0,1,0,0,1,0
-0.5213483146067416,-1.0,0.08823529411764706,0.0,0.0,-0.06298073591573695,0,1,0,0,1,0
-0.5191011235955056,0.0,-0.23529411764705882,1.0,0.0,-0.29035583119672925,0,1,0,1,0,0
-0.5168539325842697,-2.0,0.14705882352941177,1.0,0.0,4.279883583951216,1,0,1,0,0,1
-0.5146067415730337,0.0,-0.08823529411764706,0.0,0.0,-0.2827766613540295,1,0,0,0,1,1
-0.5123595505617977,-1.0,0.7941176470588235,1.0,0.0,0.5433528515002425,0,1,0,0,1,0
-0.5101123595505618,-2.0,0.20588235294117646,0.0,0.0,2.6781538008454024,1,0,1,0,0,1
-0.5078651685393258,-1.0,0.08823529411764706,0.0,0.0,-0.1712545908114476,0,1,0,0,1,0
-0.5056179775280899,0.0,-0.7352941176470589,0.0,0.0,-0.277362968609244,0,1,0,0,1,1
-0.503370786516854,-1.0,-0.08823529411764706,0.0,0.0,-0.06298073591573695,0,1,0,0,1,0
-0.501123595505618,0.0,1.3235294117647058,0.0,0.0,-0.277362968609244,0,1,0,0,1,0
-0.49887640449438203,0.0,0.47058823529411764,0.0,0.0,-0.2840412999792114,0,1,0,0,1,0
-0.4966292134831461,-2.0,0.5588235294117647,1.0,0.0,3.27185399487215,0,1,0,0,1,1
-0.4943820224719101,0.0,-0.38235294117647056,0.0,0.0,-0.2210605640634745,0,1,0,0,1,0
-0.49213483146067416,-1.0,-0.5588235294117647,0.0,0.0,-0.1712545908114476,0,1,0,0,1,1
-0.4898876404494382,0.0,-0.47058823529411764,0.0,0.0,-0.3120106021758714,0,1,0,0,1,0
-0.48764044943820223,-1.0,-0.6176470588235294,0.0,0.0,-0.06298073591573695,0,1,0,0,1,0
-0.4853932584269663,0.0,-0.23529411764705882,3.0,1.0,0.4769463308156052,1,0,0,0,1,0
-0.48314606741573035,-2.0,0.38235294117647056,1.0,0.0,2.9892592335943453,1,0,0,0,1,1
-0.48089887640449436,0.0,0.029411764705882353,0.0,0.0,-0.2892730926477721,0,1,0,0,1,0
-0.4786516853932584,-1.0,1.7941176470588236,0.0,0.0,-0.041325964936594836,0,1,0,0,1,0
-0.4764044943820225,0.0,-1.3823529411764706,4.0,2.0,0.7333734668422146,1,0,0,0,1,1
-0.47415730337078654,-1.0,-0.2647058823529412,0.0,0.0,-0.1712545908114476,0,1,0,0,1,0
-0.47191011235955055,0.0,-0.11764705882352941,0.0,0.0,-0.2990177395883861,1,0,0,0,1,0
-0.4696629213483146,-1.0,0.9117647058823529,1.0,0.0,0.5000433095419583,0,1,0,0,1,0
-0.46741573033707867,-1.0,-1.2058823529411764,0.0,2.0,0.5108706950315294,1,0,0,0,1,1
-0.4651685393258427,-1.0,-0.5588235294117647,0.0,0.0,-0.1712545908114476,0,1,0,0,1,0
-0.46292134831460674,-1.0,0.2647058823529412,0.0,0.0,-0.09438015383549303,0,1,0,0,1,0
-0.4606741573033708,0.0,-0.14705882352941177,1.0,0.0,0.0,1,0,1,0,0,0
-0.4584269662921348,0.0,0.14705882352941177,1.0,0.0,0.04529311897997366,1,0,0,1,0,1
-0.45617977528089887,-1.0,0.029411764705882353,0.0,0.0,-0.1712545908114476,0,1,0,0,1,0
-0.45393258426966293,0.0,-0.38235294117647056,0.0,0.0,-0.31742429492065694,0,1,0,0,1,0
-0.451685393258427,0.0,0.08823529411764706,0.0,0.0,-0.31309334072482853,0,1,1,0,0,0
-0.449438202247191,-2.0,0.9117647058823529,2.0,0.0,3.27185399487215,0,1,0,1,0,0
-0.44719101123595506,0.0,-0.20588235294117646,0.0,0.0,-0.2892730926477721,1,0,0,0,1,0
-0.4449438202247191,-1.0,-0.2647058823529412,0.0,2.0,0.001983577021689412,1,0,0,0,1,1
-0.44269662921348313,-2.0,0.5,1.0,1.0,1.6500935486106298,0,1,0,0,1,1
-0.4404494382022472,-1.0,1.5,1.0,0.0,0.5000433095419583,0,1,0,0,1,0
-0.43820224719101125,0.0,-0.08823529411764706,0.0,0.0,-0.3120106021758714,0,1,0,0,1,0
-0.43595505617977526,0.0,0.029411764705882353,1.0,1.0,-0.17287869863488323,1,0,0,0,1,0
-0.4337078651685393,-2.0,1.9705882352941178,0.0,0.0,0.5238635576190146,0,1,0,0,1,0
-0.4314606741573034,0.0,0.08823529411764706,1.0,0.0,0.07127884415494427,0,1,0,0,1,0
-0.42921348314606744,0.0,0.7352941176470589,0.0,2.0,0.24938933545838812,1,0,0,0,1,0
-0.42696629213483145,0.0,0.029411764705882353,0.0,2.0,0.03428383341417777,1,0,1,0,0,1
-0.4247191011235955,-2.0,0.7352941176470589,0.0,0.0,2.8041109417226804,1,0,1,0,0,1
-0.42247191011235957,-2.0,0.08823529411764706,0.0,0.0,3.120270598018155,1,0,0,0,1,1
-0.4202247191011236,-2.0,0.38235294117647056,0.0,0.0,21.56273820248077,1,0,1,0,0,1
-0.41797752808988764,-1.0,1.2647058823529411,0.0,1.0,0.5000433095419583,1,0,0,0,1,1
-0.4157303370786517,0.0,0.11764705882352941,0.0,0.0,-0.29035583119672925,0,1,0,1,0,0
-0.4134831460674157,0.0,-1.5,4.0,2.0,0.7333734668422146,0,1,0,0,1,1
-0.41123595505617977,-2.0,1.3823529411764706,1.0,1.0,2.8236002356039083,0,1,0,0,1,0
-0.40898876404494383,-2.0,0.6764705882352942,0.0,0.0,-0.6260047813734322,0,1,0,0,1,0
-0.4067415730337079,0.0,0.11764705882352941,0.0,0.0,-0.29035583119672925,1,0,0,1,0,0
-0.4044943820224719,-1.0,0.4411764705882353,0.0,0.0,-0.1712545908114476,0,1,0,0,1,0
-0.40224719101123596,0.0,-0.7352941176470589,4.0,1.0,1.092842665095974,0,1,0,0,1,0
-0.4,0.0,-0.20588235294117646,1.0,0.0,-0.2892730926477721,0,1,0,0,1,1
-0.39775280898876403,-2.0,1.7352941176470589,0.0,1.0,6.020385801399765,1,0,0,0,1,1
-0.3955056179775281,-2.0,0.38235294117647056,0.0,0.0,5.248211315917122,1,0,0,0,1,1
-0.39325842696629215,-2.0,-0.38235294117647056,0.0,0.0,0.7165910193333795,0,1,0,0,1,0
-0.39101123595505616,0.0,-0.20588235294117646,0.0,0.0,-0.6260047813734322,0,1,0,0,1,1
-0.3887640449438202,-1.0,0.7352941176470589,0.0,1.0,0.21853128681311065,1,0,0,0,1,1
-0.3865168539325843,-2.0,0.5,0.0,1.0,0.6602886147876099,0,1,1,0,0,0
-0.3842696629213483,0.0,1.5588235294117647,0.0,0.0,-0.29035583119672925,1,0,0,1,0,1
-0.38202247191011235,-2.0,2.0294117647058822,1.0,0.0,2.7503334834730784,1,0,0,0,1,1
-0.3797752808988764,0.0,0.9705882352941176,0.0,0.0,-0.29035583119672925,1,0,0,0,1,0
-0.3775280898876405,-1.0,0.38235294117647056,0.0,0.0,-0.6260047813734322,0,1,0,0,1,0
-0.3752808988764045,0.0,-1.2647058823529411,4.0,1.0,0.6353856281615965,0,1,0,1,0,0
-0.37303370786516854,0.0,0.38235294117647056,1.0,1.0,0.25101344328182384,1,0,0,0,1,1
-0.3707865168539326,0.0,2.1470588235294117,0.0,0.0,-0.29035583119672925,0,1,0,1,0,0
-0.3685393258426966,0.0,-0.029411764705882353,0.0,0.0,-0.2858429769246761,0,1,0,0,1,0
-0.36629213483146067,0.0,-0.7352941176470589,0.0,0.0,-0.21456413276973182,0,1,0,0,1,0
-0.36404494382022473,0.0,-0.5588235294117647,0.0,0.0,-0.277362968609244,0,1,0,0,1,1
-0.36179775280898874,-2.0,-0.4411764705882353,0.0,0.0,0.5000433095419583,0,1,0,0,1,0
-0.3595505617977528,0.0,0.2647058823529412,0.0,0.0,-0.2508358741597949,0,1,1,0,0,0
-0.35730337078651686,0.0,0.08823529411764706,0.0,0.0,-0.21456413276973182,0,1,0,0,1,1
-0.3550561797752809,0.0,-0.38235294117647056,0.0,0.0,-0.2840412999792114,0,1,0,0,1,0
-0.35280898876404493,-1.0,0.7941176470588235,0.0,0.0,-0.06298073591573695,0,1,0,0,1,1
-0.350561797752809,0.0,-0.38235294117647056,0.0,0.0,-0.29035583119672925,1,0,0,1,0,1
-0.34831460674157305,-2.0,-0.14705882352941177,0.0,0.0,2.7889526020372806,1,0,0,0,1,1
-0.34606741573033706,-2.0,-0.5588235294117647,1.0,0.0,3.3185936525535307,1,0,1,0,0,1
-0.3438202247191011,-1.0,0.4411764705882353,0.0,0.0,-0.06839442866052249,0,1,1,0,0,0
-0.3415730337078652,0.0,-0.2647058823529412,0.0,0.0,-0.2427153350426166,1,0,0,0,1,0
-0.3393258426966292,0.0,-0.2647058823529412,0.0,0.0,-0.2840412999792114,0,1,0,0,1,0
-0.33707865168539325,-2.0,0.2647058823529412,0.0,0.0,0.5745703693437738,0,1,1,0,0,0
-0.3348314606741573,0.0,-0.29411764705882354,0.0,0.0,-0.3129114406486037,0,1,1,0,0,0
-0.3325842696629214,-2.0,-1.5588235294117647,1.0,2.0,5.937556302404546,1,0,0,0,1,0
-0.3303370786516854,-2.0,-0.029411764705882353,0.0,0.0,0.6949362483542374,0,1,0,0,1,1
-0.32808988764044944,-2.0,1.2647058823529411,0.0,1.0,10.094007691774651,1,0,1,0,0,1
-0.3258426966292135,0.0,-0.27941176470588236,0.0,0.0,-0.29035583119672925,1,0,0,1,0,1
-0.3235955056179775,0.0,-0.029411764705882353,2.0,0.0,0.38094206915667655,0,1,0,1,0,1
-0.32134831460674157,0.0,-0.5588235294117647,0.0,0.0,-0.6260047813734322,0,1,0,0,1,0
-0.31910112359550563,-1.0,-0.27941176470588236,0.0,0.0,-0.09113193818862174,1,0,0,1,0,1
-0.31685393258426964,0.0,-0.4264705882352941,0.0,0.0,-0.277362968609244,0,1,0,0,1,0
-0.3146067415730337,-2.0,-1.6223529411764706,1.0,2.0,5.937556302404546,0,1,0,0,1,1
-0.31235955056179776,-2.0,-0.6176470588235294,0.0,0.0,4.1763001524495875,1,0,1,0,0,1
-0.3101123595505618,-2.0,-0.6764705882352942,1.0,0.0,4.090404337883722,1,0,1,0,0,1
-0.30786516853932583,-1.0,0.08823529411764706,1.0,0.0,0.4134242256253898,0,1,1,0,0,0
-0.3056179775280899,-2.0,0.08823529411764706,0.0,0.0,1.8395727946781235,1,0,1,0,0,1
-0.30337078651685395,-2.0,-0.2647058823529412,0.0,0.0,2.9755431016561564,1,0,1,0,0,1
-0.30112359550561796,-2.0,-0.6176470588235294,2.0,2.0,10.737336289931397,1,0,1,0,0,1
-0.298876404494382,-1.0,-0.14705882352941177,1.0,1.0,0.5000433095419583,1,0,0,0,1,0
-0.2966292134831461,0.0,-0.029411764705882353,0.0,0.0,-0.2840412999792114,0,1,0,0,1,0
-0.2943820224719101,-1.0,0.8529411764705882,1.0,1.0,0.5108706950315294,0,1,0,0,1,0
-0.29213483146067415,0.0,-0.14705882352941177,0.0,0.0,-0.2858429769246761,1,0,0,0,1,1
-0.2898876404494382,-1.0,-0.2647058823529412,1.0,0.0,0.5000433095419583,1,0,0,0,1,1
-0.2876404494382023,-1.0,1.5,0.0,0.0,-0.01967119395745271,0,1,0,0,1,0
-0.2853932584269663,-2.0,0.14705882352941177,0.0,2.0,6.51429647980043,1,0,0,0,1,1
-0.28314606741573034,-2.0,0.6764705882352942,1.0,1.0,5.199128612015799,1,0,1,0,0,1
-0.2808988764044944,0.0,-0.38235294117647056,0.0,0.0,-0.3120106021758714,0,1,0,0,1,0
-0.2786516853932584,0.0,-0.08823529411764706,0.0,0.0,-0.2840412999792114,0,1,0,0,1,0
-0.27640449438202247,-1.0,0.08823529411764706,0.0,0.0,-0.09113193818862174,1,0,0,1,0,1
-0.27415730337078653,-1.0,-0.38235294117647056,1.0,1.0,0.629971935416811,1,0,0,0,1,1
-0.27191011235955054,0.0,-0.35294117647058826,8.0,2.0,2.3861738618252373,0,1,0,0,1,0
-0.2696629213483146,-2.0,0.4411764705882353,0.0,0.0,5.248211315917122,1,0,1,0,0,1
-0.26741573033707866,0.0,1.911764705882353,0.0,0.0,-0.35586151340863414,0,1,0,0,1,0
-0.2651685393258427,-1.0,0.4411764705882353,0.0,0.0,-0.06298073591573695,1,0,0,0,1,1
-0.26292134831460673,0.0,0.14705882352941177,1.0,1.0,0.26292356732035194,1,0,0,0,1,1
-0.2606741573033708,-2.0,-0.7352941176470589,0.0,1.0,1.8850478137343218,1,0,1,0,0,1
-0.25842696629213485,0.0,0.5735294117647058,2.0,0.0,0.38094206915667655,1,0,0,1,0,1
-0.25617977528089886,-2.0,1.0,0.0,0.0,0.6083171644376689,0,1,0,0,1,0
-0.2539325842696629,-2.0,0.5588235294117647,0.0,1.0,6.020385801399765,0,1,0,0,1,0
-0.251685393258427,0.0,-0.7352941176470589,2.0,0.0,0.15356697387568427,0,1,0,0,1,0
-0.24943820224719102,-2.0,0.5882352941176471,1.0,0.0,5.162315501351258,1,0,0,0,1,1
-0.24719101123595505,0.0,0.47058823529411764,0.0,0.0,-0.2840412999792114,0,1,0,0,1,0
-0.2449438202247191,-2.0,0.029411764705882353,1.0,0.0,2.2584107130482987,0,1,0,0,1,0
-0.24269662921348314,-2.0,0.7352941176470589,0.0,0.0,5.199128612015799,1,0,1,0,0,1
-0.24044943820224718,0.0,0.9705882352941176,0.0,0.0,-0.277362968609244,0,1,0,0,1,1
-0.23820224719101124,-2.0,0.9705882352941176,0.0,0.0,0.9114839581456586,0,1,0,0,1,0
-0.23595505617977527,-1.0,-1.5588235294117647,1.0,1.0,0.5000433095419583,0,1,0,0,1,1
-0.23370786516853934,-2.0,-0.2647058823529412,3.0,2.0,10.764404753655324,1,0,0,0,1,1
-0.23146067415730337,-1.0,-0.029411764705882353,0.0,0.0,-0.06298073591573695,0,1,0,0,1,0
-0.2292134831460674,-1.0,-0.20588235294117646,0.0,0.0,-0.06298073591573695,0,1,0,0,1,0
-0.22696629213483147,-1.0,0.4411764705882353,0.0,0.0,-0.06298073591573695,0,1,0,0,1,0
-0.2247191011235955,-1.0,-0.2647058823529412,0.0,0.0,-0.06298073591573695,1,0,0,0,1,1
-0.22247191011235956,-1.0,0.6764705882352942,0.0,0.0,-0.06298073591573695,1,0,0,0,1,1
-0.2202247191011236,0.0,-0.4117647058823529,1.0,0.0,0.07127884415494427,1,0,0,0,1,1
-0.21797752808988763,0.0,-1.5,1.0,1.0,0.06261693576328738,0,1,0,0,1,1
-0.2157303370786517,0.0,0.7941176470588235,0.0,0.0,-0.2508358741597949,0,1,0,0,1,0
-0.21348314606741572,0.0,-0.3235294117647059,0.0,0.0,-0.22647425680826,0,1,0,0,1,0
-0.21123595505617979,-2.0,0.8235294117647058,0.0,0.0,0.8898291871665165,0,1,0,0,1,0
-0.20898876404494382,0.0,-0.7941176470588235,1.0,1.0,-0.3129114406486037,0,1,1,0,0,0
-0.20674157303370785,0.0,-0.20588235294117646,1.0,0.0,0.14490506548402746,0,1,0,0,1,0
-0.20449438202247192,0.0,-0.4117647058823529,0.0,0.0,-0.31309334072482853,0,1,1,0,0,0
-0.20224719101123595,0.0,-0.029411764705882353,0.0,0.0,-0.21456413276973182,0,1,0,0,1,0
-0.2,-2.0,-0.38235294117647056,0.0,1.0,1.7560200263322014,1,0,0,0,1,1
-0.19775280898876405,-1.0,0.5588235294117647,0.0,0.0,-0.06298073591573695,1,0,0,0,1,0
-0.19550561797752808,0.0,0.17647058823529413,0.0,0.0,-0.28476023837571895,1,0,0,1,0,1
-0.19325842696629214,0.0,0.17647058823529413,0.0,0.0,-0.28476023837571895,1,0,0,1,0,1
-0.19101123595505617,0.0,0.6764705882352942,1.0,4.0,0.5823314392626983,0,1,0,0,1,0
-0.18876404494382024,-1.0,0.029411764705882353,1.0,0.0,0.5745703693437738,0,1,1,0,0,0
-0.18651685393258427,0.0,0.9705882352941176,0.0,1.0,0.0,1,0,1,0,0,0
-0.1842696629213483,0.0,0.38235294117647056,0.0,0.0,-0.32067251056752827,0,1,0,0,1,0
-0.18202247191011237,0.0,0.7647058823529411,1.0,0.0,0.04529311897997366,0,1,0,1,0,0
-0.1797752808988764,0.0,0.08823529411764706,0.0,0.0,-0.3120106021758714,0,1,0,0,1,0
-0.17752808988764046,-2.0,1.8529411764705883,1.0,0.0,2.6330382509874575,1,0,1,0,0,1
-0.1752808988764045,0.0,0.23529411764705882,0.0,0.0,-0.3129114406486037,1,0,1,0,0,1
-0.17303370786516853,0.0,-0.2647058823529412,0.0,0.0,-0.29035583119672925,1,0,0,1,0,1
-0.1707865168539326,-2.0,-0.2647058823529412,0.0,0.0,2.375346476335666,1,0,1,0,0,1
-0.16853932584269662,-2.0,-0.20588235294117646,1.0,0.0,1.7751498510151755,0,1,1,0,0,1
-0.1662921348314607,0.0,-0.6176470588235294,1.0,0.0,-0.3446746587208094,0,1,0,0,1,0
-0.16404494382022472,0.0,-0.5588235294117647,0.0,0.0,-0.277362968609244,0,1,0,0,1,0
-0.16179775280898875,-2.0,-0.38235294117647056,0.0,0.0,5.248211315917122,0,1,1,0,0,0
-0.15955056179775282,0.0,-1.5,3.0,1.0,0.2867438153974083,1,0,0,0,1,0
-0.15730337078651685,-2.0,0.6176470588235294,1.0,0.0,2.9327749289723513,1,0,1,0,0,1
-0.1550561797752809,0.0,-0.38235294117647056,0.0,0.0,-0.3120106021758714,1,0,0,0,1,1
-0.15280898876404495,-2.0,-0.08823529411764706,0.0,2.0,8.533963342803686,0,1,1,0,0,0
-0.15056179775280898,0.0,-0.5,0.0,0.0,-0.4522252442658167,0,1,1,0,0,0
-0.14831460674157304,0.0,-0.5588235294117647,0.0,0.0,-0.2892730926477721,0,1,0,0,1,0
-0.14606741573033707,-2.0,0.7941176470588235,0.0,0.0,9.227998752685192,1,0,1,0,0,1
-0.14382022471910114,0.0,-1.6176470588235294,0.0,2.0,0.055761035271290955,1,0,1,0,0,1
-0.14157303370786517,0.0,0.20588235294117646,0.0,0.0,-0.2827766613540295,0,1,0,0,1,0
-0.1393258426966292,-2.0,0.38235294117647056,1.0,0.0,1.6260914004573488,1,0,0,0,1,1
-0.13707865168539327,0.0,-0.17647058823529413,0.0,0.0,-0.2840412999792114,0,1,0,0,1,0
-0.1348314606741573,-1.0,-0.6176470588235294,0.0,0.0,2.55724655256046,0,1,0,0,1,0
-0.13258426966292136,0.0,-1.6176470588235294,5.0,2.0,1.405212736470099,0,1,0,0,1,0
-0.1303370786516854,-1.0,0.4411764705882353,0.0,0.0,-0.06298073591573695,1,0,0,0,1,1
-0.12808988764044943,0.0,-0.23529411764705882,0.0,0.0,-0.29125666966946157,0,1,0,1,0,0
-0.1258426966292135,-1.0,-0.6764705882352942,0.0,0.0,-0.1062902778740212,1,0,1,0,0,1
-0.12359550561797752,-2.0,0.4411764705882353,1.0,2.0,4.571140253620677,0,1,0,0,1,1
-0.12134831460674157,0.0,-0.4411764705882353,0.0,0.0,-0.28837225417503987,0,1,0,0,1,1
-0.11910112359550562,0.0,-0.029411764705882353,2.0,0.0,-0.2827766613540295,0,1,0,0,1,0
-0.11685393258426967,-2.0,-0.3235294117647059,1.0,0.0,4.279883583951216,1,0,1,0,0,1
-0.1146067415730337,0.0,-0.2647058823529412,0.0,2.0,0.09726456932991473,1,0,0,0,1,1
-0.11235955056179775,0.0,-0.38235294117647056,0.0,0.0,-0.28837225417503987,0,1,0,0,1,0
-0.1101123595505618,0.0,0.14705882352941177,0.0,0.0,-0.2858429769246761,1,0,0,0,1,0
-0.10786516853932585,-1.0,1.0294117647058822,0.0,0.0,0.5000433095419583,0,1,0,0,1,0
-0.10561797752808989,-1.0,-0.3235294117647059,0.0,0.0,-0.1712545908114476,0,1,0,0,1,0
-0.10337078651685393,-1.0,-0.029411764705882353,0.0,0.0,-0.07813907560113643,1,0,0,0,1,1
-0.10112359550561797,0.0,0.6176470588235294,0.0,0.0,-0.2827766613540295,0,1,0,0,1,1
-0.09887640449438202,0.0,-0.14705882352941177,0.0,0.0,-0.277362968609244,0,1,0,0,1,0
-0.09662921348314607,0.0,-0.4411764705882353,1.0,0.0,-0.20048853163328947,1,0,0,0,1,0
-0.09438202247191012,0.0,-0.029411764705882353,1.0,0.0,0.06045145866537313,0,1,0,0,1,0
-0.09213483146067415,0.0,-0.5,0.0,0.0,-0.2508358741597949,1,0,0,0,1,0
-0.0898876404494382,-1.0,0.3235294117647059,1.0,0.0,0.283495599750537,0,1,0,0,1,0
-0.08764044943820225,0.0,1.3235294117647058,0.0,0.0,-0.29035583119672925,0,1,0,0,1,0
-0.0853932584269663,-1.0,-1.5,1.0,1.0,0.18604913034439746,0,1,0,0,1,1
-0.08314606741573034,0.0,-0.4411764705882353,0.0,0.0,-0.2892730926477721,0,1,0,0,1,0
-0.08089887640449438,0.0,-0.5882352941176471,3.0,1.0,0.4769463308156052,1,0,0,0,1,0
-0.07865168539325842,0.0,0.23529411764705882,0.0,0.0,-0.2840412999792114,0,1,0,0,1,0
-0.07640449438202247,0.0,0.23529411764705882,0.0,0.0,-0.32897494976093133,0,1,0,1,0,0
-0.07415730337078652,-2.0,0.2647058823529412,1.0,0.0,3.27185399487215,1,0,0,1,0,1
-0.07191011235955057,-1.0,0.23529411764705882,0.0,0.0,-0.6260047813734322,0,1,0,0,1,0
-0.0696629213483146,0.0,0.9117647058823529,0.0,0.0,-0.2827766613540295,0,1,0,0,1,1
-0.06741573033707865,0.0,0.14705882352941177,0.0,0.0,-0.277362968609244,1,0,0,0,1,0
-0.0651685393258427,-1.0,0.3235294117647059,1.0,1.0,0.7815553322708059,1,0,0,0,1,1
-0.06292134831460675,-1.0,-0.6176470588235294,0.0,2.0,-0.06298073591573695,1,0,0,0,1,1
-0.060674157303370786,-1.0,0.08823529411764706,0.0,0.0,-0.06298073591573695,0,1,0,0,1,0
-0.058426966292134834,0.0,-1.088235294117647,0.0,2.0,0.41992065691913233,1,0,0,0,1,0
-0.056179775280898875,0.0,-0.20588235294117646,0.0,0.0,-0.2840412999792114,0,1,1,0,0,0
-0.05393258426966292,0.0,-0.4411764705882353,0.0,0.0,-0.29107910054743263,0,1,0,1,0,0
-0.051685393258426963,0.0,0.029411764705882353,0.0,0.0,-0.2849421384519437,0,1,0,0,1,0
-0.04943820224719101,0.0,-0.029411764705882353,1.0,1.0,-0.002347377174138998,1,0,0,0,1,0
-0.04719101123595506,0.0,-0.6176470588235294,1.0,1.0,0.24938933545838812,0,1,0,0,1,0
-0.0449438202247191,0.0,-0.20588235294117646,0.0,0.0,-0.3120106021758714,0,1,0,0,1,0
-0.04269662921348315,-1.0,-0.029411764705882353,1.0,0.0,0.5000433095419583,1,0,0,0,1,1
-0.04044943820224719,-1.0,-0.5588235294117647,0.0,0.0,0.5000433095419583,1,0,0,0,1,1
-0.038202247191011236,0.0,-0.23529411764705882,0.0,0.0,-0.29035583119672925,0,1,0,1,0,0
-0.035955056179775284,0.0,0.20588235294117646,0.0,0.0,-0.277362968609244,0,1,0,0,1,1
-0.033707865168539325,-2.0,-0.029411764705882353,0.0,0.0,0.5238635576190146,0,1,0,0,1,1
-0.03146067415730337,0.0,-0.4411764705882353,1.0,0.0,0.07127884415494427,1,0,0,0,1,1
-0.029213483146067417,-1.0,0.7941176470588235,1.0,0.0,0.5000433095419583,1,0,0,0,1,1
-0.02696629213483146,0.0,-0.6764705882352942,0.0,0.0,-0.31742429492065694,0,1,0,0,1,0
-0.024719101123595506,-2.0,1.2647058823529411,1.0,0.0,1.7949986140946572,0,1,0,0,1,0
-0.02247191011235955,-2.0,-0.8529411764705882,1.0,2.0,4.571140253620677,1,0,0,0,1,1
-0.020224719101123594,0.0,-0.4411764705882353,2.0,2.0,0.8627607234425888,1,0,0,0,1,0
-0.017977528089887642,-1.0,-0.2647058823529412,2.0,3.0,0.18604913034439746,1,0,0,0,1,1
-0.015730337078651686,-2.0,2.088235294117647,1.0,4.0,10.764404753655324,0,1,0,0,1,0
-0.01348314606741573,-1.0,0.14705882352941177,0.0,0.0,-0.1712545908114476,0,1,0,0,1,0
-0.011235955056179775,-1.0,0.9705882352941176,1.0,1.0,0.5108706950315294,1,0,0,0,1,1
-0.008988764044943821,0.0,-0.5,0.0,0.0,-0.21456413276973182,0,1,0,0,1,0
-0.006741573033707865,0.0,-0.20588235294117646,1.0,0.0,-0.2892730926477721,0,1,0,0,1,0
-0.0044943820224719105,-1.0,-0.029411764705882353,0.0,0.0,-0.06298073591573695,1,0,0,0,1,1
-0.0022471910112359553,0.0,-0.35294117647058826,0.0,0.0,-0.2746561222368512,0,1,0,0,1,1
0.0,-2.0,-1.4411764705882353,0.0,2.0,2.919240697110387,0,1,0,0,1,1
0.0022471910112359553,-1.0,-0.9117647058823529,0.0,1.0,0.21853128681311065,1,0,0,0,1,1
0.0044943820224719105,-2.0,0.3235294117647059,0.0,0.0,0.5238635576190146,0,1,0,0,1,1
0.006741573033707865,0.0,-1.3823529411764706,2.0,1.0,0.20806337052179327,1,0,1,0,0,1
0.008988764044943821,-2.0,1.3823529411764706,0.0,0.0,0.6949362483542374,0,1,0,0,1,1
0.011235955056179775,-1.0,0.4411764705882353,1.0,2.0,0.5758350079689557,0,1,0,0,1,0
0.01348314606741573,0.0,-1.1470588235294117,1.0,0.0,0.2387438500450419,0,1,0,0,1,0
0.015730337078651686,-2.0,0.08823529411764706,0.0,0.0,0.5758350079689557,0,1,1,0,0,0
0.017977528089887642,-2.0,1.2058823529411764,1.0,0.0,3.2330573071859194,0,1,1,0,0,1
0.020224719101123594,0.0,0.6470588235294118,0.0,0.0,-0.277362968609244,0,1,0,0,1,0
0.02247191011235955,0.0,0.029411764705882353,0.0,0.0,-0.2840412999792114,0,1,1,0,0,1
0.024719101123595506,-2.0,2.1470588235294117,0.0,0.0,0.5238635576190146,0,1,0,0,1,0
0.02696629213483146,-2.0,1.2352941176470589,1.0,0.0,1.6201363384380845,1,0,0,0,1,1
0.029213483146067417,-1.0,1.2647058823529411,0.0,0.0,-0.1712545908114476,1,0,0,0,1,1
0.03146067415730337,0.0,0.7941176470588235,0.0,0.0,-0.29035583119672925,0,1,0,1,0,0
0.033707865168539325,-2.0,1.1470588235294117,0.0,0.0,0.5238635576190146,0,1,0,0,1,1
0.035955056179775284,0.0,0.3235294117647059,0.0,0.0,-0.277362968609244,0,1,0,0,1,0
0.038202247191011236,-2.0,1.088235294117647,0.0,0.0,1.0414125840205113,0,1,0,0,1,0
0.04044943820224719,-1.0,1.1470588235294117,0.0,0.0,-0.06298073591573695,0,1,0,0,1,0
0.04269662921348315,0.0,0.4411764705882353,0.0,0.0,-0.277362968609244,0,1,0,0,1,0
0.0449438202247191,0.0,0.5588235294117647,0.0,0.0,-0.32067251056752827,0,1,0,0,1,0
0.04719101123595506,-1.0,0.4411764705882353,0.0,0.0,-0.6260047813734322,0,1,0,0,1,0
0.04943820224719101,-2.0,1.6176470588235294,0.0,0.0,0.5238635576190146,0,1,0,0,1,0
0.051685393258426963,0.0,0.5588235294117647,0.0,0.0,-0.2914385697456864,0,1,0,1,0,0
0.05393258426966292,0.0,-1.6323529411764706,2.0,1.0,0.20806337052179327,1,0,1,0,0,1
0.056179775280898875,0.0,0.08823529411764706,0.0,0.0,-0.3120106021758714,0,1,0,0,1,0
0.058426966292134834,0.0,0.5588235294117647,0.0,0.0,-0.2508358741597949,0,1,0,0,1,0
0.060674157303370786,-1.0,0.2647058823529412,1.0,2.0,0.5758350079689557,1,0,0,0,1,1
0.06292134831460675,-1.0,-0.3235294117647059,0.0,0.0,-0.028692571547363297,1,0,1,0,0,1
0.0651685393258427,0.0,-0.38235294117647056,0.0,0.0,-0.19994716235881088,1,0,0,0,1,0
0.06741573033707865,-2.0,0.6764705882352942,0.0,0.0,1.6260914004573488,0,1,0,0,1,0
0.0696629213483146,-1.0,0.3235294117647059,1.0,0.0,0.283495599750537,0,1,0,0,1,0
0.07191011235955057,0.0,0.029411764705882353,1.0,0.0,-0.32085441064375303,0,1,0,0,1,0
0.07415730337078652,0.0,-0.38235294117647056,0.0,0.0,-0.300282378213568,0,1,0,0,1,0
0.07640449438202247,0.0,-1.5588235294117647,0.0,1.0,-0.09383878456101451,1,0,0,0,1,1
0.07865168539325842,0.0,-1.1470588235294117,5.0,2.0,1.405212736470099,0,1,0,0,1,0
0.08089887640449438,-1.0,0.4411764705882353,0.0,0.0,-0.6260047813734322,0,1,0,0,1,0
0.08314606741573034,0.0,1.2647058823529411,0.0,0.0,-0.277362968609244,0,1,0,0,1,0
0.0853932584269663,0.0,2.0294117647058822,0.0,0.0,-0.21077454784838193,1,0,0,0,1,1
0.08764044943820225,-2.0,-0.20588235294117646,1.0,0.0,3.3185936525535307,0,1,1,0,0,1
0.0898876404494382,0.0,1.6470588235294117,3.0,1.0,0.4769463308156052,1,0,0,0,1,0
0.09213483146067415,-2.0,0.38235294117647056,1.0,0.0,3.27185399487215,1,0,0,0,1,1
0.09438202247191012,-2.0,1.7352941176470589,0.0,0.0,0.6602886147876099,0,1,1,0,0,0
0.09662921348314607,0.0,0.08823529411764706,0.0,0.0,-0.277362968609244,0,1,0,0,1,0
0.09887640449438202,0.0,-1.1470588235294117,1.0,1.0,0.06261693576328738,0,1,0,0,1,1
0.10112359550561797,0.0,0.29411764705882354,1.0,0.0,0.2387438500450419,0,1,0,0,1,0
0.10337078651685393,0.0,-0.4411764705882353,0.0,0.0,-0.3120106021758714,0,1,0,0,1,0
0.10561797752808989,-2.0,1.5588235294117647,0.0,0.0,0.6949362483542374,0,1,0,0,1,0
0.10786516853932585,-2.0,2.5,0.0,0.0,1.5179994456378627,0,1,1,0,0,0
0.1101123595505618,0.0,-0.4411764705882353,0.0,0.0,-0.277362968609244,0,1,0,0,1,0
0.11235955056179775,0.0,-0.7941176470588235,0.0,0.0,0.00017756912202893625,0,1,1,0,0,0
0.1146067415730337,-2.0,1.5,1.0,0.0,2.7636901462130137,1,0,1,0,0,1
0.11685393258426967,0.0,-0.47058823529411764,0.0,0.0,0.027969302196659943,0,1,0,0,1,0
0.11910112359550562,-2.0,-0.20588235294117646,1.0,2.0,5.937556302404546,1,0,0,0,1,0
0.12134831460674157,0.0,-0.2647058823529412,0.0,0.0,-0.28837225417503987,0,1,0,0,1,0
0.12359550561797752,0.0,-0.6764705882352942,0.0,0.0,-0.2508358741597949,0,1,0,0,1,0
0.1258426966292135,0.0,-0.4411764705882353,0.0,0.0,-0.29035583119672925,1,0,0,1,0,0
0.12808988764044943,0.0,0.029411764705882353,0.0,0.0,-0.29558762386529,1,0,0,1,0,0
0.1303370786516854,0.0,0.5,0.0,0.0,-0.21077454784838193,1,0,0,0,1,0
0.13258426966292136,-2.0,-0.7352941176470589,0.0,0.0,3.120270598018155,1,0,0,0,1,1
0.1348314606741573,-2.0,-0.6176470588235294,1.0,0.0,4.090404337883722,0,1,1,0,0,0
0.13707865168539327,-1.0,0.2647058823529412,0.0,2.0,0.5000433095419583,1,0,0,0,1,1
0.1393258426966292,-2.0,0.11764705882352941,0.0,0.0,0.5238635576190146,0,1,0,0,1,1
0.14157303370786517,0.0,-0.029411764705882353,0.0,0.0,0.34954265123692047,0,1,0,0,1,0
0.14382022471910114,0.0,-0.14705882352941177,0.0,0.0,1.8208024391934032,0,1,0,0,1,1
0.14606741573033707,0.0,0.029411764705882353,0.0,0.0,-0.29035583119672925,0,1,0,1,0,1
0.14831460674157304,0.0,-0.11764705882352941,0.0,0.0,-0.277362968609244,0,1,0,0,1,0
0.15056179775280898,-2.0,0.4411764705882353,0.0,0.0,0.5124948028549651,0,1,0,0,1,1
0.15280898876404495,-2.0,1.5,1.0,0.0,1.946582010948652,1,0,1,0,0,1
0.1550561797752809,0.0,-0.2647058823529412,0.0,0.0,-0.30136511676252514,0,1,0,0,1,0
0.15730337078651685,-2.0,1.088235294117647,0.0,0.0,0.8474204836809646,0,1,0,0,1,0
0.15955056179775282,-1.0,0.3235294117647059,0.0,0.0,-0.1712545908114476,1,0,0,0,1,1
0.16179775280898875,0.0,0.4411764705882353,0.0,0.0,0.41992065691913233,0,1,0,1,0,0
0.16404494382022472,-1.0,0.4411764705882353,1.0,0.0,0.5000433095419583,1,0,0,0,1,1
0.1662921348314607,0.0,0.20588235294117646,0.0,0.0,-0.2840412999792114,0,1,0,0,1,0
0.16853932584269662,-2.0,0.08823529411764706,0.0,0.0,3.423437391726145,1,0,0,0,1,1
0.1707865168539326,0.0,-0.38235294117647056,0.0,0.0,-0.2840412999792114,0,1,0,0,1,0
0.17303370786516853,0.0,0.16176470588235295,0.0,0.0,-0.31309334072482853,0,1,1,0,0,0
0.1752808988764045,-2.0,0.9117647058823529,0.0,1.0,1.8850478137343218,1,0,1,0,0,1
0.17752808988764046,0.0,0.16176470588235295,0.0,0.0,-0.3129114406486037,0,1,1,0,0,0
0.1797752808988764,0.0,0.7058823529411765,0.0,0.0,-0.29035583119672925,0,1,0,1,0,0
0.18202247191011237,-1.0,1.2647058823529411,0.0,0.0,-0.1712545908114476,1,0,0,0,1,1
0.1842696629213483,-2.0,0.9411764705882353,0.0,0.0,8.97915078650128,0,1,0,0,1,0
0.18651685393258427,0.0,0.6176470588235294,0.0,0.0,-0.2827766613540295,0,1,0,0,1,0
0.18876404494382024,-1.0,-0.3235294117647059,2.0,1.0,-0.12794504885316332,0,1,0,0,1,0
0.19101123595505617,-1.0,-1.5588235294117647,1.0,1.0,0.5000433095419583,1,0,0,0,1,1
0.19325842696629214,0.0,-0.029411764705882353,0.0,0.0,-0.3129114406486037,0,1,1,0,0,0
0.19550561797752808,0.0,-0.6764705882352942,1.0,1.0,-0.3129114406486037,0,1,1,0,0,0
0.19775280898876405,0.0,-1.411764705882353,0.0,2.0,0.34232295059247453,1,0,1,0,0,1
0.2,0.0,0.08823529411764706,0.0,0.0,-0.2508358741597949,1,0,0,0,1,0
0.20224719101123595,-1.0,-1.2647058823529411,0.0,2.0,0.5108706950315294,1,0,0,0,1,1
0.20449438202247192,-2.0,0.9705882352941176,0.0,0.0,0.5238635576190146,0,1,0,0,1,0
0.20674157303370785,-2.0,0.08823529411764706,0.0,0.0,3.983213221536969,1,0,1,0,0,1
0.20898876404494382,0.0,-0.29411764705882354,0.0,0.0,0.001983577021689412,0,1,0,0,1,0
0.21123595505617979,-2.0,-0.38235294117647056,0.0,2.0,1.517817545561638,1,0,1,0,0,1
0.21348314606741572,-2.0,0.4411764705882353,0.0,2.0,2.4489726976647495,1,0,0,0,1,1
0.2157303370786517,0.0,-1.1470588235294117,4.0,2.0,0.7285011433719076,1,0,0,0,1,0
0.21797752808988763,0.0,-1.0294117647058822,4.0,2.0,0.7285011433719076,1,0,0,0,1,0
0.2202247191011236,-1.0,0.20588235294117646,1.0,0.0,0.5000433095419583,0,1,0,0,1,1
0.22247191011235956,-2.0,1.2647058823529411,1.0,0.0,3.983213221536969,0,1,1,0,0,0
0.2247191011235955,-2.0,2.088235294117647,0.0,0.0,0.5000433095419583,0,1,0,0,1,0
0.22696629213483147,-1.0,-0.5588235294117647,1.0,0.0,0.5000433095419583,1,0,0,0,1,1
0.2292134831460674,-1.0,-0.058823529411764705,0.0,0.0,-0.025626255976716767,0,1,1,0,0,1
0.23146067415730337,0.0,0.2647058823529412,1.0,1.0,0.26292356732035194,0,1,0,0,1,0
0.23370786516853934,-1.0,-1.2058823529411764,1.0,1.0,0.9656208855935139,0,1,0,0,1,1
0.23595505617977527,-2.0,-0.6764705882352942,0.0,2.0,4.1763001524495875,0,1,1,0,0,1
0.23820224719101124,-1.0,-0.08823529411764706,0.0,0.0,0.5000433095419583,0,1,0,0,1,0
0.24044943820224718,0.0,-0.38235294117647056,0.0,0.0,-0.28692571547363316,0,1,0,1,0,0
0.24269662921348314,0.0,-0.38235294117647056,0.0,0.0,-0.31309334072482853,0,1,1,0,0,1
0.2449438202247191,0.0,-0.38235294117647056,0.0,0.0,-0.2892730926477721,1,0,0,0,1,1
0.24719101123595505,-2.0,1.9705882352941178,0.0,0.0,0.5238635576190146,0,1,0,0,1,0
0.24943820224719102,-2.0,1.1470588235294117,1.0,0.0,1.089053080174624,1,0,1,0,0,1
0.251685393258427,-2.0,0.23529411764705882,0.0,0.0,9.227998752685192,0,1,1,0,0,0
0.2539325842696629,-2.0,0.6176470588235294,1.0,1.0,2.8236002356039083,1,0,0,0,1,1
0.25617977528089886,0.0,0.4411764705882353,1.0,0.0,0.12758124870071366,1,0,0,0,1,1
0.25842696629213485,0.0,0.14705882352941177,0.0,0.0,-0.29035583119672925,0,1,0,1,0,0
0.2606741573033708,0.0,0.6764705882352942,0.0,0.0,-0.2840412999792114,0,1,0,0,1,0
0.26292134831460673,-1.0,-0.029411764705882353,0.0,0.0,-0.041325964936594836,0,1,0,0,1,0
0.2651685393258427,0.0,0.058823529411764705,0.0,0.0,-0.277362968609244,0,1,0,0,1,0
0.26741573033707866,0.0,0.058823529411764705,0.0,0.0,-0.277362968609244,1,0,0,0,1,0
0.2696629213483146,0.0,-0.2647058823529412,2.0,0.0,0.41992065691913233,0,1,0,0,1,0
0.27191011235955054,0.0,-0.5588235294117647,0.0,0.0,-0.2840412999792114,0,1,0,0,1,0
0.27415730337078653,0.0,0.029411764705882353,0.0,4.0,0.2867438153974083,1,0,0,0,1,0
0.27640449438202247,0.0,-0.17647058823529413,0.0,0.0,-0.3129114406486037,0,1,1,0,0,0
0.2786516853932584,0.0,0.20588235294117646,0.0,0.0,-0.2858429769246761,0,1,0,0,1,1
0.2808988764044944,-1.0,1.9705882352941178,0.0,0.0,-0.1712545908114476,0,1,0,0,1,1
0.28314606741573034,-2.0,1.4411764705882353,2.0,0.0,1.6035357910054742,1,0,0,0,1,1
0.2853932584269663,-2.0,0.4411764705882353,0.0,0.0,0.5168257570507934,0,1,0,0,1,1
0.2876404494382023,0.0,-0.2647058823529412,0.0,0.0,-0.29035583119672925,1,0,0,1,0,1
0.2898876404494382,0.0,-0.7352941176470589,0.0,0.0,-0.277362968609244,0,1,0,0,1,0
0.29213483146067415,0.0,-0.5588235294117647,0.0,0.0,0.001983577021689412,0,1,0,0,1,0
0.2943820224719101,-1.0,0.3235294117647059,0.0,0.0,-0.06298073591573695,1,0,0,0,1,1
0.2966292134831461,-2.0,0.6176470588235294,1.0,0.0,1.7949986140946572,1,0,0,0,1,1
0.298876404494382,0.0,-0.11764705882352941,1.0,0.0,0.00017756912202893625,1,0,1,0,0,0
0.30112359550561796,0.0,0.20588235294117646,0.0,0.0,-0.2827766613540295,0,1,0,0,1,1
0.30337078651685395,-1.0,-0.20588235294117646,1.0,1.0,0.6732814773750952,1,0,0,0,1,1
0.3056179775280899,-2.0,0.6176470588235294,1.0,1.0,4.1763001524495875,1,0,1,0,0,1
0.30786516853932583,-1.0,1.5,0.0,0.0,0.5000433095419583,0,1,0,0,1,0
0.3101123595505618,-2.0,0.4411764705882353,0.0,0.0,1.1117905897027232,0,1,1,0,0,0
0.31235955056179776,0.0,-0.08823529411764706,0.0,0.0,-0.24867039706188065,0,1,1,0,0,0
0.3146067415730337,-2.0,-0.6176470588235294,0.0,2.0,2.8236002356039083,1,0,0,0,1,1
0.31685393258426964,-1.0,1.088235294117647,0.0,0.0,0.023638348000831536,0,1,0,0,1,0
0.31910112359550563,-2.0,1.8529411764705883,1.0,1.0,2.8041109417226804,0,1,1,0,0,1
0.32134831460674157,0.0,-0.38235294117647056,0.0,0.0,-0.277362968609244,0,1,0,0,1,0
0.3235955056179775,0.0,0.0,0.0,0.0,-0.277362968609244,0,1,0,0,1,0
0.3258426966292135,0.0,0.38235294117647056,0.0,0.0,-0.31742429492065694,0,1,0,0,1,0
0.32808988764044944,-2.0,1.3823529411764706,1.0,0.0,2.7636901462130137,1,0,1,0,0,1
0.3303370786516854,0.0,1.088235294117647,0.0,0.0,-0.3120106021758714,0,1,0,0,1,0
0.3325842696629214,0.0,0.7352941176470589,0.0,2.0,-0.29035583119672925,1,0,0,1,0,0
0.3348314606741573,-1.0,0.5,1.0,0.0,0.5000433095419583,0,1,0,0,1,0
0.33707865168539325,0.0,0.4411764705882353,1.0,1.0,0.41992065691913233,0,1,0,0,1,0
0.3393258426966292,-1.0,0.11764705882352941,0.0,0.0,0.803210103249948,1,0,0,0,1,1
0.3415730337078652,0.0,1.2058823529411764,0.0,0.0,-0.6260047813734322,0,1,0,0,1,0
0.3438202247191011,0.0,1.0,0.0,0.0,-0.31309334072482853,0,1,1,0,0,0
0.34606741573033706,-2.0,1.2058823529411764,1.0,0.0,1.8395727946781235,0,1,1,0,0,1
0.34831460674157305,-1.0,-0.2647058823529412,2.0,1.0,0.5433528515002425,1,0,0,0,1,1
0.350561797752809,0.0,0.5,0.0,0.0,-0.2840412999792114,0,1,0,0,1,0
0.35280898876404493,-2.0,-0.23529411764705882,0.0,0.0,1.21031979765782,0,1,0,0,1,0
0.3550561797752809,0.0,0.9117647058823529,0.0,0.0,-0.277362968609244,0,1,0,0,1,0
0.35730337078651686,-2.0,0.38235294117647056,0.0,0.0,0.5238635576190146,0,1,1,0,0,1
0.3595505617977528,0.0,0.4411764705882353,1.0,0.0,0.0474585960778879,0,1,0,0,1,0
0.36179775280898874,0.0,0.08823529411764706,0.0,0.0,-0.2840412999792114,0,1,0,0,1,0
0.36404494382022473,-2.0,-0.08823529411764706,0.0,0.0,0.6949362483542374,0,1,0,0,1,1
0.36629213483146067,-1.0,-0.38235294117647056,1.0,2.0,1.1747713256184602,1,0,1,0,0,1
0.3685393258426966,-2.0,0.6764705882352942,0.0,0.0,6.020385801399765,1,0,0,0,1,1
0.3707865168539326,0.0,0.6176470588235294,1.0,5.0,0.7285011433719076,1,0,0,0,1,0
0.37303370786516854,0.0,0.23529411764705882,0.0,0.0,-0.32067251056752827,0,1,0,0,1,0
0.3752808988764045,0.0,0.08823529411764706,1.0,0.0,0.04529311897997366,1,0,0,1,0,1
0.3775280898876405,0.0,0.11764705882352941,0.0,0.0,-0.29035583119672925,0,1,0,1,0,0
0.3797752808988764,0.0,0.38235294117647056,0.0,0.0,-0.277362968609244,0,1,0,0,1,0
0.38202247191011235,-1.0,-0.2647058823529412,1.0,2.0,2.1891154459150437,1,0,0,0,1,1
0.3842696629213483,0.0,0.3235294117647059,1.0,1.0,-0.002347377174138998,0,1,0,0,1,0
0.3865168539325843,0.0,-0.14705882352941177,1.0,0.0,0.07127884415494427,1,0,0,0,1,0
0.3887640449438202,-1.0,-1.4411764705882353,2.0,1.0,1.0630673549996534,1,0,0,0,1,1
0.39101123595505616,-1.0,-0.14705882352941177,0.0,0.0,-0.1712545908114476,0,1,0,0,1,0
0.39325842696629215,0.0,-0.08823529411764706,1.0,0.0,0.0,0,1,1,0,0,0
0.3955056179775281,-2.0,0.7941176470588235,1.0,0.0,1.6500935486106298,0,1,0,0,1,1
0.39775280898876403,0.0,-0.5,1.0,1.0,0.055761035271290955,0,1,1,0,0,1
0.4,0.0,-0.4411764705882353,0.0,0.0,-0.2858429769246761,0,1,0,0,1,0
0.40224719101123596,0.0,-0.4411764705882353,0.0,0.0,0.07127884415494427,0,1,0,0,1,0
0.4044943820224719,-2.0,1.911764705882353,0.0,0.0,0.7737942623518813,0,1,0,0,1,0
0.4067415730337079,-1.0,1.6764705882352942,0.0,0.0,-0.09113193818862174,0,1,0,1,0,0
0.40898876404494383,-2.0,-0.4411764705882353,0.0,0.0,2.7503334834730784,1,0,0,0,1,1
0.41123595505617977,0.0,-0.14705882352941177,0.0,0.0,-0.2840412999792114,0,1,0,0,1,0
0.4134831460674157,0.0,0.5882352941176471,0.0,0.0,-0.29107910054743263,0,1,0,1,0,0
0.4157303370786517,-2.0,3.0294117647058822,0.0,0.0,0.6732814773750952,0,1,0,0,1,1
0.41797752808988764,0.0,1.3235294117647058,0.0,0.0,-0.32049061049130345,0,1,0,0,1,0
0.4202247191011236,-2.0,0.20588235294117646,0.0,0.0,0.6949362483542374,0,1,1,0,0,1
0.42247191011235957,-2.0,0.7647058823529411,0.0,0.0,-0.6260047813734322,0,1,0,0,1,0
0.4247191011235955,0.0,-1.1470588235294117,3.0,2.0,0.5823314392626983,1,0,0,0,1,0
0.42696629213483145,-1.0,-0.029411764705882353,0.0,0.0,-0.06298073591573695,1,0,0,0,1,1
0.42921348314606744,0.0,0.20588235294117646,0.0,0.0,-0.2827766613540295,0,1,0,0,1,0
0.4314606741573034,-1.0,0.14705882352941177,1.0,1.0,0.5108706950315294,0,1,0,0,1,0
0.4337078651685393,0.0,0.7352941176470589,0.0,5.0,1.092842665095974,1,0,0,0,1,0
0.43595505617977526,0.0,-0.8308823529411765,1.0,0.0,0.07127884415494427,0,1,0,0,1,0
0.43820224719101125,0.0,-0.5,0.0,0.0,-0.2858429769246761,0,1,0,0,1,0
0.4404494382022472,-2.0,-0.2647058823529412,0.0,0.0,2.375346476335666,1,0,1,0,0,1
0.44269662921348313,0.0,-1.5588235294117647,3.0,2.0,0.5823314392626983,1,0,0,0,1,0
0.4449438202247191,0.0,0.23529411764705882,0.0,0.0,1.8208024391934032,0,1,0,0,1,1
0.44719101123595506,0.0,-1.6323529411764706,2.0,1.0,0.20806337052179327,1,0,1,0,0,1
0.449438202247191,-2.0,1.1470588235294117,1.0,0.0,2.6971017254521517,0,1,1,0,0,1
0.451685393258427,0.0,-0.5588235294117647,0.0,0.0,-0.2840412999792114,0,1,0,0,1,0
0.45393258426966293,-2.0,1.6176470588235294,0.0,0.0,0.9114839581456586,0,1,1,0,0,1
0.45617977528089887,0.0,-0.4411764705882353,0.0,0.0,-0.2990177395883861,0,1,0,0,1,0
0.4584269662921348,0.0,-0.3235294117647059,0.0,0.0,-0.2990177395883861,1,0,0,0,1,1
0.4606741573033708,0.0,-0.38235294117647056,0.0,0.0,-0.2840412999792114,0,1,0,0,1,0
0.46292134831460674,-1.0,-0.6176470588235294,0.0,1.0,0.37011468366710554,1,0,0,0,1,1
0.4651685393258427,0.0,-0.4411764705882353,0.0,0.0,-0.2607624211766337,0,1,0,0,1,0
0.46741573033707867,0.0,-0.5294117647058824,0.0,0.0,-0.28692571547363316,1,0,0,1,0,1
0.4696629213483146,0.0,-0.6176470588235294,0.0,0.0,-0.3336653731550135,1,0,0,1,0,0
0.47191011235955055,-1.0,-0.2647058823529412,2.0,0.0,2.55724655256046,0,1,0,0,1,0
0.47415730337078654,0.0,-0.5294117647058824,0.0,0.0,-0.2840412999792114,0,1,0,0,1,0
0.4764044943820225,0.0,0.20588235294117646,1.0,1.0,0.04529311897997366,1,0,0,1,0,0
0.4786516853932584,-1.0,-0.3235294117647059,0.0,0.0,-0.06298073591573695,0,1,0,0,1,0
0.48089887640449436,-2.0,1.7352941176470589,0.0,2.0,4.279883583951216,0,1,1,0,0,0
0.48314606741573035,-2.0,1.2647058823529411,2.0,0.0,5.162315501351258,0,1,0,0,1,1
0.4853932584269663,0.0,0.6764705882352942,0.0,0.0,-0.31309334072482853,0,1,1,0,0,0
0.48764044943820223,-2.0,1.088235294117647,0.0,0.0,0.48217812348416594,0,1,0,0,1,0
0.4898876404494382,0.0,0.4411764705882353,0.0,0.0,-0.30136511676252514,0,1,0,0,1,0
0.49213483146067416,0.0,-0.5,1.0,0.0,-0.2827766613540295,0,1,0,0,1,1
0.4943820224719101,-1.0,0.20588235294117646,2.0,0.0,2.55724655256046,0,1,0,0,1,0
0.4966292134831461,-1.0,-0.20588235294117646,0.0,0.0,-0.06298073591573695,0,1,0,0,1,0
0.49887640449438203,0.0,0.17647058823529413,0.0,0.0,-0.2892730926477721,0,1,0,0,1,0
0.501123595505618,0.0,0.8529411764705882,0.0,0.0,-0.277362968609244,0,1,0,0,1,0
0.503370786516854,-2.0,0.5,1.0,0.0,1.6260914004573488,1,0,0,0,1,1
0.5056179775280899,-1.0,0.6764705882352942,1.0,1.0,1.0630673549996534,1,0,0,0,1,1
0.5078651685393258,-2.0,0.14705882352941177,1.0,0.0,1.6260914004573488,0,1,0,0,1,0
0.5101123595505618,-1.0,2.4411764705882355,0.0,0.0,-0.1712545908114476,0,1,0,0,1,0
0.5123595505617977,-1.0,0.14705882352941177,0.0,0.0,-0.06298073591573695,0,1,0,0,1,1
0.5146067415730337,-1.0,-0.4264705882352941,0.0,0.0,-0.6260047813734322,0,1,0,0,1,0
0.5168539325842697,0.0,-0.6176470588235294,0.0,0.0,-0.2892730926477721,0,1,0,0,1,0
0.5191011235955056,0.0,-0.23529411764705882,0.0,0.0,-0.277362968609244,0,1,0,0,1,0
0.5213483146067416,0.0,-0.6176470588235294,0.0,0.0,-0.19976526228258612,1,0,0,0,1,1
0.5235955056179775,0.0,0.8529411764705882,1.0,6.0,1.405212736470099,1,0,0,0,1,0
0.5258426966292135,-2.0,0.4411764705882353,0.0,1.0,21.56273820248077,0,1,1,0,0,1
0.5280898876404494,0.0,-0.5588235294117647,0.0,0.0,-0.27357338368789413,1,0,0,1,0,0
0.5303370786516854,-2.0,-0.08823529411764706,0.0,0.0,2.6971017254521517,0,1,1,0,0,1
0.5325842696629214,0.0,-0.5,0.0,0.0,-0.22647425680826,0,1,0,0,1,0
0.5348314606741573,0.0,-0.8529411764705882,5.0,2.0,1.405212736470099,0,1,0,0,1,0
0.5370786516853933,-1.0,1.8529411764705883,1.0,1.0,1.0630673549996534,0,1,0,0,1,0
0.5393258426966292,-1.0,-0.20588235294117646,1.0,2.0,1.1747713256184602,0,1,1,0,0,0
0.5415730337078651,0.0,-0.8529411764705882,4.0,1.0,1.092842665095974,0,1,0,0,1,0
0.5438202247191011,0.0,-0.5588235294117647,0.0,0.0,-0.18551209202411476,0,1,0,0,1,0
0.5460674157303371,0.0,-0.6176470588235294,0.0,0.0,-0.28837225417503987,0,1,0,0,1,0
0.5483146067415731,-2.0,-0.7941176470588235,0.0,1.0,8.526925542235466,1,0,0,0,1,1
0.550561797752809,-2.0,0.14705882352941177,1.0,0.0,1.84263911024877,0,1,0,0,1,1
0.5528089887640449,0.0,-1.4411764705882353,0.0,1.0,-0.04493364978171989,1,0,1,0,0,1
0.5550561797752809,0.0,-0.35294117647058826,0.0,0.0,1.8208024391934032,0,1,0,0,1,1
0.5573033707865168,0.0,-0.20588235294117646,0.0,0.0,-0.31309334072482853,0,1,1,0,0,0
0.5595505617977528,-2.0,1.8529411764705883,0.0,0.0,0.5238635576190146,0,1,0,0,1,0
0.5617977528089888,-1.0,1.3823529411764706,0.0,0.0,-0.041325964936594836,0,1,0,0,1,0
0.5640449438202247,0.0,0.9117647058823529,0.0,0.0,-0.277362968609244,0,1,0,0,1,0
0.5662921348314607,0.0,0.8529411764705882,0.0,0.0,-0.29107910054743263,1,0,0,1,0,1
0.5685393258426966,-2.0,1.2058823529411764,1.0,1.0,4.1763001524495875,0,1,1,0,0,0
0.5707865168539326,0.0,0.7941176470588235,0.0,0.0,-0.29468678539255766,0,1,0,0,1,0
0.5730337078651685,-2.0,-0.6176470588235294,1.0,0.0,9.227998752685192,1,0,1,0,0,1
0.5752808988764045,-2.0,0.38235294117647056,0.0,0.0,0.5124948028549651,0,1,0,0,1,1
0.5775280898876405,0.0,-0.6176470588235294,0.0,1.0,0.0,1,0,1,0,0,0
0.5797752808988764,0.0,-0.20588235294117646,0.0,0.0,-0.290715300394983,0,1,0,1,0,0
0.5820224719101124,0.0,-0.14705882352941177,1.0,0.0,-0.2858429769246761,0,1,0,0,1,0
0.5842696629213483,-1.0,0.6176470588235294,0.0,0.0,0.5000433095419583,0,1,0,0,1,0
0.5865168539325842,-1.0,0.9705882352941176,0.0,0.0,-0.041325964936594836,1,0,0,0,1,1
0.5887640449438202,-2.0,0.7941176470588235,0.0,0.0,0.5124948028549651,0,1,0,0,1,1
0.5910112359550562,-2.0,-0.38235294117647056,0.0,0.0,5.937556302404546,1,0,0,0,1,1
0.5932584269662922,0.0,1.1764705882352942,1.0,1.0,0.03428383341417777,0,1,1,0,0,1
0.5955056179775281,-2.0,-0.2647058823529412,0.0,0.0,1.5179994456378627,1,0,1,0,0,1
0.597752808988764,-2.0,0.7058823529411765,0.0,0.0,0.5238635576190146,0,1,0,0,1,0
0.6,-2.0,1.1470588235294117,1.0,0.0,1.6260914004573488,0,1,0,0,1,1
0.6022471910112359,0.0,0.029411764705882353,0.0,0.0,-0.21528740212043518,0,1,0,0,1,0
0.604494382022472,-1.0,1.3823529411764706,0.0,0.0,-0.06298073591573695,0,1,0,0,1,0
0.6067415730337079,0.0,-0.5588235294117647,0.0,0.0,-0.29468678539255766,0,1,0,0,1,0
0.6089887640449438,-2.0,0.5588235294117647,0.0,0.0,9.227998752685192,1,0,1,0,0,1
0.6112359550561798,-1.0,-0.08823529411764706,0.0,0.0,-0.1712545908114476,1,0,0,0,1,1
0.6134831460674157,0.0,0.8529411764705882,0.0,0.0,0.04529311897997366,0,1,0,1,0,0
0.6157303370786517,0.0,0.2647058823529412,0.0,0.0,-0.2892730926477721,0,1,0,0,1,0
0.6179775280898876,-1.0,-1.3235294117647058,0.0,1.0,0.803210103249948,1,0,0,0,1,1
0.6202247191011236,0.0,-0.6764705882352942,1.0,0.0,-0.32049061049130345,0,1,0,0,1,0
0.6224719101123596,-1.0,0.3235294117647059,0.0,0.0,-0.06298073591573695,0,1,0,0,1,0
0.6247191011235955,-1.0,1.2647058823529411,0.0,0.0,-0.06298073591573695,0,1,0,0,1,0
0.6269662921348315,-2.0,-0.08823529411764706,1.0,0.0,1.6737318966114614,0,1,0,0,1,1
0.6292134831460674,0.0,-0.5,0.0,0.0,-0.2508358741597949,0,1,0,0,1,0
0.6314606741573033,-1.0,0.08823529411764706,3.0,0.0,0.283495599750537,1,0,0,0,1,1
0.6337078651685393,0.0,-0.35294117647058826,0.0,0.0,-0.2908972004712078,1,0,0,1,0,1
0.6359550561797753,-1.0,-0.20588235294117646,1.0,0.0,0.5000433095419583,0,1,0,0,1,0
0.6382022471910113,0.0,-0.20588235294117646,1.0,0.0,-0.2827766613540295,1,0,0,0,1,0
0.6404494382022472,-2.0,0.029411764705882353,0.0,0.0,8.526925542235466,1,0,0,0,1,1
0.6426966292134831,0.0,-1.0294117647058822,0.0,0.0,0.18767323816783318,0,1,1,0,0,0
0.6449438202247191,-1.0,-0.35294117647058826,0.0,0.0,-0.6260047813734322,0,1,0,0,1,0
0.647191011235955,-1.0,-0.3235294117647059,0.0,0.0,-0.06298073591573695,0,1,0,0,1,0
0.6494382022471911,-1.0,-0.3235294117647059,0.0,0.0,-0.06298073591573695,0,1,0,0,1,0
0.651685393258427,0.0,0.0,0.0,0.0,0.07127884415494427,0,1,0,0,1,0
0.6539325842696629,0.0,1.1470588235294117,1.0,3.0,0.8627607234425888,1,0,0,0,1,0
0.6561797752808989,-2.0,0.38235294117647056,0.0,0.0,21.56273820248077,0,1,1,0,0,1
0.6584269662921348,0.0,-0.08823529411764706,0.0,0.0,-0.2840412999792114,0,1,0,0,1,0
0.6606741573033708,0.0,-0.08823529411764706,0.0,0.0,-0.2840412999792114,0,1,0,0,1,0
0.6629213483146067,-2.0,0.20588235294117646,0.0,0.0,0.6732814773750952,0,1,0,0,1,1
0.6651685393258427,-2.0,0.4411764705882353,1.0,0.0,2.7889526020372806,0,1,0,0,1,0
0.6674157303370787,-2.0,-0.4411764705882353,2.0,2.0,10.737336289931397,1,0,1,0,0,1
0.6696629213483146,0.0,-0.2647058823529412,1.0,0.0,0.07127884415494427,0,1,0,0,1,0
0.6719101123595506,0.0,0.14705882352941177,0.0,0.0,-0.2827766613540295,0,1,0,0,1,1
0.6741573033707865,-2.0,2.4411764705882355,1.0,1.0,2.4489726976647495,0,1,0,0,1,0
0.6764044943820224,0.0,-0.7352941176470589,1.0,1.0,0.25101344328182384,0,1,0,0,1,0
0.6786516853932584,-1.0,0.08823529411764706,0.0,0.0,-0.06298073591573695,1,0,0,0,1,1
0.6808988764044944,-2.0,-0.5588235294117647,1.0,0.0,1.6737318966114614,0,1,0,0,1,0
0.6831460674157304,0.0,0.14705882352941177,0.0,0.0,-0.29035583119672925,0,1,0,1,0,0
0.6853932584269663,-1.0,-1.4411764705882353,1.0,1.0,0.37011468366710554,1,0,0,0,1,1
0.6876404494382022,0.0,-1.3235294117647058,0.0,1.0,-0.0857182454438362,0,1,0,0,1,1
0.6898876404494382,0.0,0.2647058823529412,0.0,0.0,-0.21456413276973182,0,1,0,0,1,0
0.6921348314606741,0.0,-0.3235294117647059,0.0,0.0,-0.2840412999792114,0,1,0,0,1,0
0.6943820224719102,-1.0,1.1470588235294117,1.0,2.0,2.1891154459150437,1,0,0,0,1,1
0.6966292134831461,-1.0,-1.6370588235294117,1.0,1.0,0.001983577021689412,0,1,0,0,1,1
0.698876404494382,0.0,-0.029411764705882353,0.0,0.0,-0.28837225417503987,0,1,0,0,1,0
0.701123595505618,-1.0,-0.6176470588235294,0.0,0.0,-0.12794504885316332,0,1,0,0,1,0
0.7033707865168539,0.0,0.3235294117647059,0.0,0.0,-0.277362968609244,0,1,0,0,1,0
0.7056179775280899,-2.0,0.2647058823529412,0.0,0.0,3.120270598018155,1,0,0,0,1,1
0.7078651685393258,0.0,-1.1273529411764704,0.0,0.0,0.001983577021689412,0,1,0,0,1,0
0.7101123595505618,0.0,0.7352941176470589,0.0,0.0,-0.31742429492065694,0,1,0,0,1,0
0.7123595505617978,0.0,-0.5,0.0,0.0,-0.3129114406486037,0,1,1,0,0,1
0.7146067415730337,-2.0,0.4411764705882353,1.0,2.0,4.571140253620677,1,0,0,0,1,1
0.7168539325842697,0.0,-0.7352941176470589,0.0,0.0,-0.2892730926477721,0,1,0,0,1,0
0.7191011235955056,-2.0,1.3235294117647058,1.0,0.0,2.7503334834730784,1,0,0,0,1,1
0.7213483146067415,-2.0,0.7647058823529411,0.0,0.0,1.089053080174624,0,1,1,0,0,0
0.7235955056179775,0.0,0.11764705882352941,0.0,0.0,-0.29035583119672925,1,0,0,1,0,0
0.7258426966292135,0.0,1.588235294117647,1.0,0.0,0.41992065691913233,0,1,0,1,0,0
0.7280898876404495,0.0,0.20588235294117646,0.0,0.0,-0.26382873674728013,0,1,0,0,1,0
0.7303370786516854,0.0,-0.2647058823529412,0.0,0.0,-0.21456413276973182,0,1,0,0,1,0
0.7325842696629213,0.0,1.1470588235294117,0.0,0.0,-0.2858429769246761,0,1,0,0,1,0
0.7348314606741573,-1.0,1.6764705882352942,0.0,0.0,-0.1712545908114476,1,0,0,0,1,0
0.7370786516853932,0.0,0.2647058823529412,0.0,0.0,-0.31309334072482853,0,1,1,0,0,0
0.7393258426966293,-1.0,1.5,1.0,3.0,0.37011468366710554,1,0,0,0,1,1
0.7415730337078652,0.0,-0.6176470588235294,0.0,0.0,-0.29035583119672925,0,1,0,0,1,0
0.7438202247191011,0.0,-0.7647058823529411,0.0,0.0,-0.29035583119672925,0,1,0,1,0,0
0.7460674157303371,0.0,-1.3823529411764706,0.0,0.0,-0.0857182454438362,1,0,0,0,1,1
0.748314606741573,0.0,-0.7647058823529411,0.0,0.0,-0.2908972004712078,0,1,0,1,0,0
0.750561797752809,-2.0,0.8529411764705882,0.0,1.0,8.526925542235466,1,0,0,0,1,1
0.7528089887640449,0.0,-0.9117647058823529,0.0,0.0,-0.3129114406486037,1,0,1,0,0,1
0.755056179775281,-2.0,-0.6764705882352942,1.0,0.0,1.84263911024877,1,0,0,0,1,1
0.7573033707865169,-2.0,0.029411764705882353,0.0,0.0,0.6732814773750952,0,1,0,0,1,0
0.7595505617977528,0.0,-0.7941176470588235,1.0,2.0,0.3896039775483334,0,1,0,0,1,0
0.7617977528089888,0.0,-0.20588235294117646,0.0,0.0,-0.32067251056752827,0,1,0,0,1,0
0.7640449438202247,0.0,-0.20588235294117646,0.0,0.0,-0.3120106021758714,0,1,0,0,1,0
0.7662921348314606,0.0,-0.6176470588235294,0.0,0.0,-0.30136511676252514,1,0,0,0,1,1
0.7685393258426966,0.0,-1.2058823529411764,4.0,1.0,0.6353856281615965,0,1,0,1,0,0
0.7707865168539326,0.0,-1.6176470588235294,1.0,2.0,0.2650890444182662,0,1,0,0,1,1
0.7730337078651686,-2.0,1.0294117647058822,0.0,0.0,2.8041109417226804,0,1,1,0,0,0
0.7752808988764045,0.0,-0.4117647058823529,0.0,0.0,-0.29035583119672925,0,1,0,1,0,0
0.7775280898876404,-1.0,-0.7352941176470589,0.0,0.0,0.5000433095419583,0,1,0,0,1,0
0.7797752808988764,0.0,0.17647058823529413,8.0,2.0,2.3861738618252373,1,0,0,0,1,0
0.7820224719101123,-2.0,0.23529411764705882,0.0,0.0,0.7034162566696693,0,1,1,0,0,0
0.7842696629213484,0.0,-0.20588235294117646,0.0,0.0,-0.2840412999792114,0,1,0,0,1,0
0.7865168539325843,-1.0,0.6176470588235294,0.0,0.0,-0.06298073591573695,0,1,0,0,1,0
0.7887640449438202,-2.0,1.2058823529411764,0.0,0.0,0.4969769939713118,1,0,0,0,1,1
0.7910112359550562,0.0,0.14705882352941177,0.0,0.0,-0.2499350356870626,1,0,0,0,1,1
0.7932584269662921,0.0,0.08823529411764706,0.0,0.0,-0.3129114406486037,0,1,1,0,0,0
0.7955056179775281,0.0,0.08823529411764706,1.0,1.0,0.41992065691913233,1,0,0,0,1,0
0.797752808988764,-1.0,0.3235294117647059,0.0,0.0,-0.06298073591573695,0,1,0,0,1,0
0.8,-1.0,0.14705882352941177,1.0,1.0,0.5108706950315294,1,0,0,0,1,1
0.802247191011236,-2.0,-1.0294117647058822,1.0,2.0,4.571140253620677,0,1,0,0,1,1
0.8044943820224719,0.0,-1.6517647058823528,0.0,1.0,-0.2571504053773127,0,1,1,0,0,1
0.8067415730337079,0.0,-0.08823529411764706,0.0,0.0,-0.32392072621439955,0,1,0,0,1,1
0.8089887640449438,0.0,0.14705882352941177,0.0,0.0,-0.2892730926477721,0,1,0,0,1,0
0.8112359550561797,-2.0,0.6176470588235294,0.0,0.0,-0.6260047813734322,0,1,0,0,1,0
0.8134831460674158,0.0,-0.6176470588235294,0.0,0.0,-0.2892730926477721,1,0,0,0,1,0
0.8157303370786517,-1.0,0.6176470588235294,0.0,0.0,-0.06298073591573695,0,1,0,0,1,0
0.8179775280898877,-2.0,0.2647058823529412,1.0,0.0,1.6737318966114614,1,0,0,0,1,1
0.8202247191011236,0.0,-0.14705882352941177,0.0,0.0,-0.28440076917746515,0,1,0,0,1,0
0.8224719101123595,0.0,0.6176470588235294,0.0,0.0,0.41992065691913233,0,1,0,0,1,0
0.8247191011235955,-1.0,0.38235294117647056,0.0,0.0,-0.1712545908114476,0,1,0,0,1,0
0.8269662921348314,0.0,-1.3235294117647058,4.0,2.0,0.7285011433719076,1,0,0,0,1,0
0.8292134831460675,0.0,0.11764705882352941,0.0,0.0,-0.277362968609244,0,1,0,0,1,0
0.8314606741573034,-2.0,0.7058823529411765,0.0,0.0,-0.6260047813734322,0,1,0,0,1,0
0.8337078651685393,0.0,-0.3235294117647059,0.0,0.0,-0.2827766613540295,1,0,0,0,1,0
0.8359550561797753,-1.0,0.14705882352941177,1.0,1.0,0.9766301711593096,0,1,1,0,0,0
0.8382022471910112,0.0,0.8529411764705882,0.0,0.0,-0.3466582357424988,0,1,0,0,1,0
0.8404494382022472,0.0,-1.088235294117647,3.0,2.0,0.5823314392626983,0,1,0,0,1,0
0.8426966292134831,-2.0,1.3823529411764706,1.0,1.0,3.423437391726145,1,0,0,0,1,1
0.8449438202247191,0.0,-0.08823529411764706,0.0,0.0,-0.2508358741597949,0,1,0,0,1,1
0.8471910112359551,-2.0,0.5588235294117647,0.0,0.0,-0.6260047813734322,0,1,0,0,1,0
0.849438202247191,0.0,-0.08823529411764706,0.0,1.0,-0.0857182454438362,1,0,0,0,1,1
0.851685393258427,0.0,-1.5588235294117647,4.0,1.0,1.092842665095974,0,1,0,0,1,0
0.8539325842696629,0.0,-0.08823529411764706,0.0,0.0,-0.3250034647633567,0,1,0,1,0,0
0.8561797752808988,0.0,-0.6764705882352942,0.0,0.0,1.8208024391934032,0,1,0,0,1,0
0.8584269662921349,-1.0,-1.6176470588235294,0.0,2.0,0.9766301711593096,0,1,1,0,0,1
0.8606741573033708,0.0,-0.47058823529411764,0.0,0.0,-0.29035583119672925,0,1,0,1,0,1
0.8629213483146068,-2.0,1.9705882352941178,0.0,0.0,2.8387585752893076,1,0,0,0,1,1
0.8651685393258427,0.0,-0.7941176470588235,1.0,0.0,0.0,1,0,1,0,0,1
0.8674157303370786,-1.0,-1.6276470588235294,1.0,1.0,0.18604913034439746,0,1,0,0,1,1
0.8696629213483146,0.0,-0.47058823529411764,0.0,0.0,-0.3129114406486037,0,1,1,0,0,0
0.8719101123595505,0.0,-0.3235294117647059,0.0,0.0,-0.2858429769246761,0,1,0,0,1,0
0.8741573033707866,0.0,-0.6176470588235294,0.0,0.0,-0.2665355831196729,0,1,0,0,1,0
0.8764044943820225,-2.0,0.6176470588235294,1.0,1.0,2.9755431016561564,1,0,1,0,0,1
0.8786516853932584,0.0,-0.4411764705882353,0.0,0.0,-0.2508358741597949,0,1,0,0,1,0
0.8808988764044944,0.0,-0.47058823529411764,0.0,0.0,-0.277362968609244,0,1,0,0,1,0
0.8831460674157303,0.0,0.20588235294117646,0.0,0.0,1.8208024391934032,0,1,0,0,1,1
0.8853932584269663,-2.0,0.029411764705882353,0.0,0.0,0.6602886147876099,0,1,1,0,0,1
0.8876404494382022,0.0,-0.5,0.0,0.0,-0.2827766613540295,0,1,0,0,1,0
0.8898876404494382,-1.0,-0.7352941176470589,0.0,0.0,-0.1712545908114476,0,1,0,0,1,0
0.8921348314606742,-2.0,0.08823529411764706,0.0,0.0,0.7165910193333795,1,0,1,0,0,1
0.8943820224719101,0.0,0.35294117647058826,0.0,0.0,-0.34719960501697733,0,1,1,0,0,0
0.8966292134831461,0.0,-0.6764705882352942,0.0,0.0,-0.2508358741597949,0,1,0,0,1,0
0.898876404494382,0.0,0.7941176470588235,0.0,0.0,-0.2990177395883861,0,1,0,0,1,0
0.9011235955056179,0.0,0.4117647058823529,8.0,2.0,2.3861738618252373,0,1,0,0,1,0
0.903370786516854,0.0,0.38235294117647056,0.0,0.0,-0.2840412999792114,0,1,1,0,0,0
0.9056179775280899,-1.0,-0.029411764705882353,0.0,1.0,0.803210103249948,0,1,0,0,1,0
0.9078651685393259,-2.0,1.2941176470588236,1.0,0.0,3.2330573071859194,1,0,1,0,0,1
0.9101123595505618,0.0,-1.4411764705882353,4.0,2.0,0.7285011433719076,0,1,0,0,1,0
0.9123595505617977,0.0,2.676470588235294,0.0,0.0,-0.2892730926477721,0,1,0,0,1,0
0.9146067415730337,0.0,-1.1470588235294117,1.0,1.0,0.03428383341417777,1,0,1,0,0,0
0.9168539325842696,-2.0,-0.7352941176470589,0.0,1.0,1.080391171782967,1,0,0,0,1,1
0.9191011235955057,-1.0,0.9117647058823529,1.0,0.0,0.5000433095419583,1,0,0,0,1,0
0.9213483146067416,0.0,-0.6176470588235294,0.0,1.0,-0.2210605640634745,1,0,0,0,1,1
0.9235955056179775,-2.0,0.9705882352941176,1.0,1.0,6.51429647980043,1,0,0,0,1,1
0.9258426966292135,-2.0,1.3235294117647058,0.0,0.0,0.5238635576190146,0,1,0,0,1,1
0.9280898876404494,0.0,-0.2647058823529412,0.0,3.0,0.20806337052179327,1,0,1,0,0,1
0.9303370786516854,0.0,-0.5294117647058824,0.0,0.0,-0.3129114406486037,0,1,1,0,0,0
0.9325842696629213,0.0,0.7352941176470589,2.0,0.0,-0.014980770563370535,0,1,0,0,1,0
0.9348314606741573,-1.0,-0.4411764705882353,1.0,0.0,-0.12794504885316332,0,1,0,0,1,0
0.9370786516853933,-2.0,1.1470588235294117,0.0,0.0,0.4969769939713118,1,0,0,0,1,1
0.9393258426966292,0.0,0.6176470588235294,8.0,2.0,2.3861738618252373,1,0,0,0,1,0
0.9415730337078652,-1.0,-0.2647058823529412,0.0,0.0,-0.06298073591573695,0,1,0,0,1,0
0.9438202247191011,-1.0,0.7941176470588235,0.0,0.0,-0.06298073591573695,1,0,0,0,1,1
0.946067415730337,-1.0,-0.08823529411764706,1.0,0.0,-0.025808156052941598,1,0,1,0,0,1
0.9483146067415731,-2.0,0.14705882352941177,0.0,0.0,1.5609451874436977,0,1,0,0,1,0
0.950561797752809,0.0,-0.7941176470588235,0.0,0.0,-0.21456413276973182,0,1,0,0,1,0
0.952808988764045,0.0,-1.4411764705882353,1.0,1.0,-0.14382665788926616,0,1,0,0,1,1
0.9550561797752809,0.0,-0.14705882352941177,0.0,0.0,-0.2840412999792114,0,1,0,0,1,0
0.9573033707865168,-2.0,1.088235294117647,1.0,1.0,1.6500935486106298,1,0,0,0,1,1
0.9595505617977528,-2.0,0.2647058823529412,0.0,0.0,-0.40945707158201095,0,1,0,0,1,0
0.9617977528089887,0.0,1.088235294117647,0.0,0.0,-0.23621890374887394,0,1,0,0,1,0
0.9640449438202248,-1.0,-0.029411764705882353,1.0,0.0,0.4134242256253898,1,0,1,0,0,1
0.9662921348314607,0.0,-0.7941176470588235,0.0,0.0,-0.31309334072482853,1,0,1,0,0,1
0.9685393258426966,0.0,-0.5,0.0,0.0,-0.1995876931605571,0,1,0,0,1,0
0.9707865168539326,0.0,-0.5588235294117647,0.0,0.0,-0.2840412999792114,0,1,0,0,1,0
0.9730337078651685,0.0,-0.5294117647058824,0.0,0.0,-0.2840412999792114,0,1,0,0,1,0
0.9752808988764045,-2.0,1.6176470588235294,0.0,1.0,2.9755431016561564,1,0,1,0,0,1
0.9775280898876404,-1.0,-0.20588235294117646,0.0,1.0,0.5000433095419583,1,0,0,0,1,1
0.9797752808988764,0.0,0.2647058823529412,0.0,0.0,-0.2840412999792114,0,1,0,0,1,0
0.9820224719101124,0.0,-0.38235294117647056,0.0,0.0,-0.17053132146074423,1,0,0,0,1,0
0.9842696629213483,-1.0,-0.029411764705882353,0.0,0.0,-0.1712545908114476,0,1,0,0,1,0
0.9865168539325843,0.0,-0.20588235294117646,0.0,0.0,-0.32067251056752827,0,1,0,0,1,0
0.9887640449438202,0.0,0.6176470588235294,0.0,5.0,0.6353856281615965,1,0,0,1,0,0
0.9910112359550561,-1.0,-0.08823529411764706,0.0,0.0,-0.06298073591573695,0,1,0,0,1,0
0.9932584269662922,-2.0,-0.5588235294117647,0.0,0.0,0.6732814773750952,1,0,0,0,1,1
0.9955056179775281,0.0,0.029411764705882353,1.0,2.0,0.3896039775483334,1,0,0,0,1,0
0.9977528089887641,-2.0,-0.14705882352941177,0.0,0.0,0.6732814773750952,0,1,1,0,0,1
1.0,0.0,0.20588235294117646,0.0,0.0,-0.29035583119672925,0,1,0,1,0,0
